"","year","country","gp","X","npos","nneg","nneu","nmention","add_senti","import","export","merleg","eu","n_merleg","n_import","n_export","leftright","valasztasi_ev","log_senti","salience"
"1",1994,"Czechia","CN",8,2,3,4,9,-0.111111111111111,101833.624,85498.992,-16334.632,0,1.01506068447781,-1.01085168641208,-0.94369315864009,1,0,-0.587786664902119,0.258205187055313
"2",1994,"Czechia","DE",7,30,31,51,112,-0.00892857142857143,3795427.584,4153086.72,357659.136,0,-0.954794754993706,-1.54007053889528,-1.35732109223948,1,0,-0.159759219486868,6.19692448932752
"3",1994,"Czechia","FR",9,1,0,17,18,0.0555555555555556,547951.104,359271.776,-188679.328,0,-0.952284158058486,-1.6074834557839,-1.30903498127284,1,0,0,0.45903144365389
"4",1994,"Czechia","RU",10,17,8,20,45,0.2,1256498.176,548103.616,-708394.56,0,0.848133480403616,-1.26649094346294,-1.02819892276272,1,0,0.23638877806423,2.12302042689924
"5",1994,"Czechia","UK",12,7,5,13,25,0.08,452211.584,392569.248,-59642.336,0,-1.15865856131877,-1.65623289996708,-1.34593050271197,1,0,0.143100843640673,0.77461556116594
"6",1994,"Czechia","USA",11,14,14,37,65,0,506686.336,302512.928,-204173.408,0,-0.125916730331046,-1.45114597759558,-1.29855697359079,1,0,-0.67116827384117,1.8935047050723
"7",1994,"Hungary","CN",13,4,9,21,34,-0.147058823529412,99175,11720,-87455,0,1.41748605046671,-1.41336716542073,-1.12801759914039,0,0,-0.587786664902119,1.12202862775899
"8",1994,"Hungary","DE",14,13,15,8,36,-0.0555555555555556,3402866,3017454,-385412,0,-1.69542110297365,-1.58299295141294,-1.67104186563169,0,0,-0.422856850820034,1.65098498084537
"9",1994,"Hungary","FR",15,16,2,24,42,0.333333333333333,497164,379665,-117499,0,-0.953826126457739,-1.72195795720453,-1.64185491817774,0,0,0.676886659688165,1.31437639251767
"10",1994,"Hungary","RU",16,15,7,31,53,0.150943396226415,1745839,807038,-938801,0,1.07677803867061,-1.04315099786713,-0.866491519979575,0,0,0.083381608939051,1.93950662798339
"11",1994,"Hungary","UK",18,5,5,10,20,0,571116,464736,-106380,0,-1.4104268205735,-1.64611283835771,-1.55110824480335,0,0,-0.769133087537867,0.705275137448507
"12",1994,"Hungary","USA",17,29,9,37,75,0.266666666666667,451717,430467,-21250,0,-1.02232737439158,-1.76264276288886,-1.51416676561278,0,0,0.341303163890879,1.90744866719028
"13",1995,"Czechia","CN",20,7,8,6,21,-0.0476190476190476,209513.776,94641.312,-114872.464,0,1.00485615744467,-1.00072133485776,-0.934544989509738,1,0,0.310154928303839,0.430890027289702
"14",1995,"Czechia","DE",22,35,57,98,190,-0.115789473684211,8015698.432,8144916.992,129218.56,0,-0.982866857712235,-1.24720979366652,-1.17649134438385,1,0,-0.665640534770112,7.97146550485948
"15",1995,"Czechia","FR",24,12,19,30,61,-0.114754098360656,1018422.4,570171.52,-448250.88,0,-1.08161198075229,-1.35012279508556,-1.25211100612558,1,0,-0.0555698511548108,1.72356010915881
"16",1995,"Czechia","RU",19,57,30,90,177,0.152542372881356,1879137.792,631930.304,-1247207.488,0,0.412825794793828,-1.00548954989186,-0.984481053008224,1,0,0.264301623807717,5.74520036386269
"17",1995,"Czechia","UK",23,10,10,13,33,0,953369.984,687870.72,-265499.264,0,-1.24690428233964,-1.19309941409278,-1.25751081129631,1,0,-0.176930708159078,1.14904007277254
"18",1995,"Czechia","USA",21,18,21,45,84,-0.0357142857142857,853075.456,415505.856,-437569.6,0,-0.816822948087408,-1.19201236245234,-1.2245384835617,1,0,-0.0400053346136991,2.20232680614736
"19",1995,"Hungary","CN",25,15,15,8,38,0,126090,21879,-104211,0,1.40906403747609,-1.40356231009404,-1.11720297742518,0,0,0.251314428280906,0.194384572725558
"20",1995,"Hungary","DE",27,45,60,88,193,-0.077720207253886,3602394.88,3633420.032,31025.1520000002,0,-1.43154208050798,-1.5619471618656,-1.61283475260373,0,0,-0.35707972030532,2.89861701093699
"21",1995,"Hungary","FR",28,53,27,78,158,0.164556962025316,605937.984,513500,-92437.9840000001,0,-0.912673205127464,-1.64638213873823,-1.57002682908434,0,0,0.256107726853186,2.21255381308208
"22",1995,"Hungary","RU",26,85,54,95,234,0.132478632478632,1753588.992,802572.992,-951016,0,1.06895764101995,-1.0400993734833,-0.870490985654783,0,0,-0.0153064212826755,3.30453773633448
"23",1995,"Hungary","UK",30,22,16,25,63,0.0952380952380952,441336.992,382928.992,-58408,0,-1.36931858506955,-1.88170196178308,-1.60081665348988,0,0,0.0755075525081451,0.468809851867521
"24",1995,"Hungary","USA",29,136,59,209,404,0.190594059405941,474068.992,393596,-80472.992,0,-1.11822795648881,-1.72708251275657,-1.54626572699191,0,0,-0.14671570133974,4.22500586012315
"25",1996,"Czechia","CN",36,9,9,10,28,0,298185.44,71415.744,-226769.696,0,0.993268137841436,-0.992379267052863,-0.957785416908089,1,0,0.646627164925052,0.595892922625596
"26",1996,"Czechia","DE",31,34,63,91,188,-0.154255319148936,8262071.296,7891972.096,-370099.2,0,-1.04422591963259,-1.23011303775822,-1.18794973781453,1,0,-0.843178390091965,8.52585258525853
"27",1996,"Czechia","FR",34,19,3,296,318,0.050314465408805,1162057.984,628185.088,-533872.896,0,-1.12427192872661,-1.27155020391513,-1.2364525570426,1,0,1.28519824424852,7.9987165383205
"28",1996,"Czechia","RU",33,21,18,20,59,0.0508474576271186,2059830.144,692735.616,-1367094.528,0,0.315968894736285,-0.929745966496689,-0.952769449295604,1,0,-0.291910408561302,2.24605793912725
"29",1996,"Czechia","UK",35,15,14,33,62,0.0161290322580645,1042892.416,551767.744,-491124.672,0,-1.34362425675599,-1.1103694109718,-1.29826300618775,1,0,-0.158224005214894,1.74184085075174
"30",1996,"Czechia","USA",32,24,24,67,115,0,939904.192,463153.376,-476750.816,0,-0.932808326947638,-1.12705580649008,-1.19332593294941,1,0,-0.326396584632471,2.88778877887789
"31",1996,"Hungary","CN",40,38,32,43,113,0.0530973451327434,191444,15197,-176247,0,1.37285682049159,-1.37975452577227,-1.12431620730027,0,0,1.29928298413026,0.474035338086993
"32",1996,"Hungary","DE",39,56,88,107,251,-0.127490039840637,3796622.08,3754592,-42030.0800000001,0,-1.47783416351157,-1.54146057979502,-1.60138433152402,0,0,-0.289931792185796,3.00388708977231
"33",1996,"Hungary","FR",37,60,11,101,172,0.284883720930233,683476.992,479454.016,-204022.976,0,-1.09590793102267,-1.59250828235117,-1.58829901477586,0,0,0.270453768491603,1.82628351305094
"34",1996,"Hungary","RU",42,79,42,72,193,0.191709844559585,1989187.968,752337.024,-1236850.944,0,0.885957810931312,-0.947330299661592,-0.91548911996425,0,0,0.0359012915065444,2.91905971348306
"35",1996,"Hungary","UK",38,17,11,33,61,0.0983606557377049,525320,377849.984,-147470.016,0,-1.44563773641167,-1.72924677244039,-1.60390281214008,0,0,-0.0500104205746614,0.409167344454036
"36",1996,"Hungary","USA",41,93,46,164,303,0.155115511551155,566001.024,449439.008,-116562.016,0,-1.17666739516021,-1.58082592618073,-1.49765021460856,0,0,-0.0267574491695493,2.54482128867754
"37",1997,"Czechia","CN",44,26,17,15,58,0.155172413793103,377578.112,48360.204,-329217.908,0,0.982658653873391,-0.984910149826911,-0.980855707524869,1,1,0.743578034186837,0.789473684210526
"38",1997,"Czechia","DE",47,229,336,387,952,-0.112394957983193,8671922.176,8131521.536,-540400.640000001,0,-1.06515354816735,-1.20167191668507,-1.17709815799211,1,1,-0.440761514897541,34.3421052631579
"39",1997,"Czechia","FR",45,65,19,91,175,0.262857142857143,1120710.528,724810.048,-395900.48,0,-1.05552914079165,-1.29416839270758,-1.21037250252321,1,1,0.990398704027877,3
"40",1997,"Czechia","RU",48,65,51,62,178,0.0786516853932584,1843298.688,771280.576,-1072018.112,0,0.554361526115373,-1.0205127765674,-0.911806142584118,1,1,0.0856137527229917,3.43421052631579
"41",1997,"Czechia","UK",46,44,35,52,131,0.0687022900763359,1054879.616,688764.928,-366114.688,0,-1.29003560040099,-1.09929172830326,-1.25724306594819,1,1,0.100083458556983,2.07894736842105
"42",1997,"Czechia","USA",43,45,33,115,193,0.0621761658031088,1030327.36,583262.08,-447065.28,0,-0.844932337095026,-1.05941025683614,-1.11464609814213,1,1,0,2.75
"43",1997,"Hungary","CN",52,19,22,21,62,-0.0483870967741935,287950.016,15251,-272699.016,0,1.32437746194996,-1.34459838514306,-1.12425872235366,0,1,0.0976384695639161,0.340330172625935
"44",1997,"Hungary","DE",51,54,55,94,203,-0.00492610837438424,5694905.856,7033150.976,1338245.12,0,-0.603210780942648,-1.34123452304153,-1.29156943432064,0,1,-0.419003776440963,2.94254703101193
"45",1997,"Hungary","FR",53,57,9,93,159,0.30188679245283,924582.976,706099.968,-218483.008,0,-1.11965288052229,-1.4249886107547,-1.46666008898729,0,1,0.633904346997085,1.67547161908153
"46",1997,"Hungary","RU",54,173,76,131,380,0.255263157894737,1833489.024,947353.984,-886135.04,0,1.11049631536758,-1.00863806540459,-0.740805527548871,0,1,0.356165476321361,5.2410846584394
"47",1997,"Hungary","UK",50,24,11,44,79,0.164556962025316,723342.016,630057.984,-93284.0319999999,0,-1.39920460476644,-1.36977543815215,-1.45065361449171,0,1,0.460815203191329,0.570707520249645
"48",1997,"Hungary","USA",49,63,24,153,240,0.1625,793585.984,589136,-204449.984,0,-1.31898555582563,-1.21875626796195,-1.37603354158671,0,1,-0.00787405643090588,2.61792440481489
"49",1998,"Czechia","CN",57,16,8,11,35,0.228571428571429,519306.72,45277.192,-474029.528,0,0.967662037233788,-0.971576581869618,-0.983940691993462,1,0,0.969400557188103,0.470543948804818
"50",1998,"Czechia","DE",56,84,123,168,375,-0.104,10953738.24,11498596.352,544858.112,0,-0.931790659245517,-1.04332796743483,-1.02456980670946,1,0,-0.458717266981048,12.497647280256
"51",1998,"Czechia","FR",58,26,18,305,349,0.0229226361031519,1332937.088,940012.864,-392924.224,0,-1.05404626369941,-1.17807466251891,-1.15228708469735,1,0,0.793951879681911,6.86994165255035
"52",1998,"Czechia","RU",59,96,40,86,222,0.252252252252252,1593678.336,681875.584,-911802.752,0,0.683799729871203,-1.12514996646266,-0.95843324773299,1,0,0.778209619103794,5.00658761528327
"53",1998,"Czechia","UK",55,24,17,47,88,0.0795454545454545,1151128.704,930451.584,-220677.12,0,-1.2276901492356,-1.01034544777067,-1.18487681799802,1,0,0.227389842195661,1.91981931112366
"54",1998,"Czechia","USA",60,60,67,182,309,-0.0226537216828479,1118473.728,620919.104,-497554.624,0,-0.994392366417354,-0.993467980700019,-1.08997804054946,1,0,-0.123444191091122,5.45830980613589
"55",1998,"Hungary","CN",62,5,3,2,10,0.2,434099.008,18850,-415249.008,0,1.25272802983986,-1.29135782327417,-1.12042745711564,1,0,0.23638877806423,0.150242641866615
"56",1998,"Hungary","DE",66,34,40,78,152,-0.0394736842105263,7233585.152,8356772.864,1123187.712,0,-0.73948377753888,-1.17893861557952,-1.16649076952651,1,0,-0.367724780125317,2.74944034615905
"57",1998,"Hungary","FR",64,29,2,50,81,0.333333333333333,1229133.056,864875.008,-364258.048,0,-1.35903139386899,-1.21338818284378,-1.38144689573495,1,0,-1.17364747461102,2.08837272194594
"58",1998,"Hungary","RU",65,36,12,27,75,0.32,1533264,643283.008,-889980.992,0,1.1080340252337,-1.12685418793384,-1.01317266134549,1,0,0.619039208406224,1.69022972099941
"59",1998,"Hungary","UK",61,15,7,17,39,0.205128205128205,872459.008,809163.008,-63296,0,-1.37350721708704,-1.09908188012227,-1.34182399281916,1,0,0.108213584640233,0.51082498234649
"60",1998,"Hungary","USA",63,45,20,110,175,0.142857142857143,985817.984,1034347.008,48529.024,0,-0.9093332686602,-0.912930370948756,-0.988444082354356,1,0,-0.0976384695639161,1.84798449495936
"61",1999,"Czechia","CN",70,16,12,14,42,0.0952380952380952,564735.819,58689.854,-506045.965,0,0.964346431539612,-0.967302695409412,-0.970519448757145,0,0,0.510825623765991,0.658058107772535
"62",1999,"Czechia","DE",67,70,71,106,247,-0.00404858299595142,9770483.614,11293301.152,1522817.538,0,-0.811613333737349,-1.12543853427912,-1.0338696708626,0,0,-0.951287573911251,7.21380680407251
"63",1999,"Czechia","FR",72,36,21,77,134,0.111940298507463,1541327.056,1044976.011,-496351.045,0,-1.10557720175872,-1.06407965303934,-1.12395646912673,0,0,0.291520848758947,2.14800099329526
"64",1999,"Czechia","RU",69,48,21,39,108,0.25,1389652.849,384866.107,-1004786.742,0,0.608677839912275,-1.21067445777774,-1.11333166900113,0,0,0.587786664902119,1.89967717904147
"65",1999,"Czechia","UK",68,29,22,54,105,0.0666666666666667,1093514.603,904914.226,-188600.377,0,-1.21393965105447,-1.06358813397855,-1.19252325910324,0,0,0.135341347869762,1.60168860193693
"66",1999,"Czechia","USA",71,83,41,128,252,0.166666666666667,1177306.614,653242.865,-524063.749,0,-1.07286545174422,-0.949455113210155,-1.06880365358888,0,0,0.402877784543213,3.33995530171343
"67",1999,"Hungary","CN",74,13,8,15,36,0.138888888888889,610175,70780,-539395,0,1.19032893952251,-1.22721516572027,-1.0651461001247,1,0,0,0.769522254933396
"68",1999,"Hungary","DE",77,45,56,87,188,-0.0585106382978723,8188800,9599872,1411072,0,-0.557063395169477,-1.07818502710897,-1.04902128556947,1,0,-0.179855464298761,2.33771533506282
"69",1999,"Hungary","FR",75,48,5,83,136,0.316176470588235,1313590,1123372,-190218,0,-1.07323865491294,-1.15470776650488,-1.24271379175056,1,0,0.409121419311275,1.45742851313143
"70",1999,"Hungary","RU",78,48,29,38,115,0.165217391304348,1631062,356233,-1274829,0,0.861643156824161,-1.08834540476487,-1.27029351175924,1,0,0.189963136180921,2.47179875827091
"71",1999,"Hungary","UK",73,14,17,43,74,-0.0405405405405405,852992,1119770,266778,0,-1.09065972843262,-1.13442053327667,-1.15308980394341,1,0,-0.653926467406664,0.769522254933396
"72",1999,"Hungary","USA",76,65,55,154,274,0.0364963503649635,967904,1297182,329278,0,-0.454712701337273,-0.941430101617323,-0.759626576528851,1,0,-0.130798403768454,2.51843647069111
"73",2000,"Czechia","CN",83,2,5,5,12,-0.25,694820.049,66119.751,-628700.298,0,0.951644412107834,-0.955064609215289,-0.96308479821143,0,0,-0.78845736036427,0.183064838237252
"74",2000,"Czechia","DE",82,35,54,117,206,-0.0922330097087379,10379564.209,11752223.351,1372659.142,0,-0.830065668214747,-1.08317210082483,-1.01308051404082,0,0,-0.920725328942021,7.02303288510185
"75",2000,"Czechia","FR",84,9,4,37,50,0.1,1597391.139,1168312.831,-429078.308,0,-1.07205952027234,-1.03341106695343,-1.09066661327739,0,0,0.302280871872934,0.981893223272534
"76",2000,"Czechia","RU",81,25,10,19,54,0.277777777777778,2079208.618,386505.014,-1692703.604,0,0.0529088864821742,-0.921622794457342,-1.1124769349722,0,0,0.28312625591592,1.46451870589802
"77",2000,"Czechia","UK",79,17,23,46,86,-0.0697674418604651,1330436.147,1246422.548,-84013.5990000002,0,-1.16910591277067,-0.84464278545912,-1.09026823056373,0,0,-0.537142932083364,1.83064838237252
"78",2000,"Czechia","USA",80,41,16,67,124,0.201612903225806,1420801.481,818242.578,-602558.903,0,-1.30522909700173,-0.76729666333005,-0.960716981018596,0,0,0.771399377459693,2.21342031686859
"79",2000,"Hungary","CN",90,14,6,8,28,0.285714285714286,938818,40640,-898178,0,1.00999502410035,-1.10749392963894,-1.09723121662204,1,0,0.719122666963206,0.213925351936916
"80",2000,"Hungary","DE",88,48,59,89,196,-0.0561224489795918,8213042,10471263,2258221,0,-0.0202600649930905,-1.07562804372789,-0.966677208471809,1,0,-0.282806392388297,2.73349060808281
"81",2000,"Hungary","FR",86,50,14,73,137,0.262773722627737,1401018,1470547,69529,0,-0.646705753901466,-1.09396306989736,-1.05638796643581,1,0,0.542324290825362,1.25978262807295
"82",2000,"Hungary","RU",89,45,26,39,110,0.172727272727273,2588598,455388,-2133210,0,0.31208271836595,-0.711307569630364,-1.1814768693198,1,0,0.356177307700545,2.00257898896502
"83",2000,"Hungary","UK",85,13,19,34,66,-0.0909090909090909,1017082,1156318,139236,0,-1.19995320322301,-0.836546324969658,-1.13088213536965,1,0,-0.573345980747325,0.445677816535241
"84",2000,"Hungary","USA",87,43,31,136,210,0.0571428571428571,1223605,1475016,251411,0,-0.580803774651586,-0.534630049117369,-0.604808787537602,1,0,-0.27827971977339,2.41854495106458
"85",2001,"Czechia","CN",93,3,7,6,16,-0.25,1068089.261,80560.683,-987528.578,0,0.914484340598325,-0.919948125149017,-0.948634627102137,0,1,-0.847297860387204,0.258468059809509
"86",2001,"Czechia","DE",96,68,80,186,334,-0.0359281437125748,12013812.135,12736693.479,722881.344000001,0,-0.9099141321307,-0.969765382930477,-0.968484057556601,0,1,-0.830157644303549,9.77009266079944
"87",2001,"Czechia","FR",92,36,21,77,134,0.111940298507463,1751471.385,1430236.895,-321234.49,0,-1.01832787647137,-0.949124960131889,-1.01997065781143,0,1,0.615760516944525,2.0031274635237
"88",2001,"Czechia","RU",91,42,38,67,147,0.0272108843537415,1997181.588,487367.118,-1509814.47,0,0.200665262596295,-0.956007322184689,-1.05987463812568,0,1,-0.0875558910243196,3.15331032967601
"89",2001,"Czechia","UK",94,35,34,70,139,0.00719424460431655,1456901.731,1823588.972,366687.241,0,-0.975901724906207,-0.727772656651444,-0.917452034423818,0,1,0,2.32621253828558
"90",2001,"Czechia","USA",95,44,28,68,140,0.114285714285714,1451762.48,998206.234,-453556.246,0,-0.864147084046189,-0.744134747622893,-0.842827850141002,0,1,0.326091520566652,2.19697850838083
"91",2001,"Hungary","CN",102,9,12,7,28,-0.107142857142857,1333574,112698,-1220876,0,0.84779839315936,-0.963688413408505,-1.02052287804986,1,1,-0.215111379616946,0.23749529353839
"92",2001,"Hungary","DE",99,63,82,94,239,-0.0794979079497908,8392524,10858885,2466361,0,0.111629655874092,-1.05669674716802,-0.930047984790652,1,1,-0.474124256915563,3.77675442407391
"93",2001,"Hungary","FR",98,62,17,102,181,0.248618784530387,1579152,1818804,239652,0,-0.367345234939647,-0.970196132697794,-0.869481441062041,1,1,0.66168391110416,2.03898398354911
"94",2001,"Hungary","RU",101,55,39,46,140,0.114285714285714,2369318,472337,-1896981,0,0.463323382845412,-0.797650909711879,-1.16629505022135,1,1,-0.277631736598279,2.07953196049469
"95",2001,"Hungary","UK",97,17,12,35,64,0.078125,992732,1314461,321729,0,-1.04357103817211,-0.880749122046115,-1.03478967254648,1,1,-0.157185583522412,0.532916268427607
"96",2001,"Hungary","USA",100,110,38,185,333,0.216216216216216,1424236,1525300,101064,0,-0.824262680216036,-0.215442007877333,-0.561032807119706,1,1,-0.262570471293668,4.1822341935297
"97",2002,"Czechia","CN",105,3,1,0,4,0.5,2151254.396,153821.833,-1997432.563,0,0.809899205055669,-0.818045932357481,-0.875326605627926,0,0,0.78845736036427,0.123919576195049
"98",2002,"Czechia","DE",108,41,36,91,168,0.0297619047619048,14882863.566,15442115.586,559252.02,0,-0.930021852359402,-0.77067092419912,-0.84592854689689,0,0,-0.780420577726628,6.31989838594752
"99",2002,"Czechia","FR",104,28,20,278,326,0.0245398773006135,2235029.404,2015192.95,-219836.454,0,-0.967807751595333,-0.684605504186544,-0.862085098988445,0,0,0.397301797469003,5.2665819882896
"100",2002,"Czechia","RU",103,26,15,44,85,0.129411764705882,3262127.89,592707.09,-2669420.8,0,-0.736182243280106,-0.425760387793386,-1.00493701282146,0,0,0.303380981994885,2.35447194770594
"101",2002,"Czechia","UK",106,19,18,53,90,0.0111111111111111,1456616.188,2741042.327,1284426.139,0,-0.582489992059837,-0.728036534349507,-0.642746520807694,0,0,-0.0678225963387611,1.71938411970631
"102",2002,"Czechia","USA",107,52,30,161,243,0.0905349794238683,1512896.929,1524845.386,11948.4569999999,0,0.513853520597473,-0.69840008142102,-0.497841349558945,0,0,0.124190380231384,4.41463490194864
"103",2002,"Hungary","CN",114,3,1,1,5,0.4,2084885,154693,-1930192,0,0.491277232592704,-0.689993609011342,-0.975817686699303,0,0,0.336472236621213,0.0632501067345551
"104",2002,"Hungary","DE",113,33,33,37,103,0,9144482,12162077,3017595,0,0.460923873191766,-0.977382164655235,-0.806899888791211,0,0,0.0972989109867995,1.70775288183299
"105",2002,"Hungary","FR",111,14,4,56,74,0.135135135135135,1808097,1945066,136969,0,-0.535961919153754,-0.811125874144378,-0.801717715690425,0,0,0.306730267422475,1.04362676112016
"106",2002,"Hungary","RU",112,50,32,40,122,0.147540983606557,2283973,454853,-1829120,0,0.506769965323604,-0.831256219631876,-1.1819560877526,0,0,0.389464766761723,2.41931658259673
"107",2002,"Hungary","UK",109,10,11,12,33,-0.0303030303030303,1069007,1615087,546080,0,-0.851319855324907,-0.742286356255284,-0.852120235842495,0,0,-0.160342650075179,0.308344270330956
"108",2002,"Hungary","USA",110,51,37,99,187,0.0748663101604278,1379103,1199374,-179729,0,-1.27895453619027,-0.287245038641704,-0.844775751071718,0,0,-0.226452986215577,2.64069195616768
"109",2003,"Czechia","CN",120,2,3,7,12,-0.0833333333333333,2681354.656,243341.505,-2438013.151,0,0.764272906716581,-0.768175070428968,-0.785749660175387,0,0,-0.167054084663166,0.161210460255864
"110",2003,"Czechia","DE",121,74,113,144,331,-0.117824773413897,16685346.103,18025634.572,1340288.469,0,-0.834043564232326,-0.645589762809254,-0.72889524262653,0,0,-0.929089828792997,8.92415047844962
"111",2003,"Czechia","FR",117,66,17,97,180,0.272222222222222,2525374.276,2303960.266,-221414.01,0,-0.968593746366661,-0.525778921728482,-0.784143878162084,0,0,1.50122432779387,2.65997259422176
"112",2003,"Czechia","RU",116,40,30,62,132,0.0757575757575758,2339298.282,584525.768,-1754772.514,0,0.00276333102805155,-0.812597022545276,-1.00920379203163,0,0,0,2.64845756134634
"113",2003,"Czechia","UK",118,46,39,60,145,0.0482758620689655,1389384.474,2621505.803,1232121.329,0,-0.604911757099048,-0.790167106372492,-0.678538359207267,0,0,-0.0347861160854155,2.08422095045081
"114",2003,"Czechia","USA",119,95,50,256,401,0.112219451371571,1594225.24,1189394.328,-404830.912,0,-0.719908928597383,-0.63755839204312,-0.717585905535232,0,0,0.195060582571384,5.6193360432044
"115",2003,"Hungary","CN",127,5,15,16,36,-0.277777777777778,3298099,178082,-3120017,0,-0.106760581119692,-0.248032332759697,-0.950919253064388,0,0,-0.987386653557885,0.294242326010523
"116",2003,"Hungary","DE",126,51,48,52,151,0.0198675496688742,11682106,14595414,2913308,0,0.394841508821266,-0.709720156757938,-0.576956167163859,0,0,0.172558054526104,1.72555669151934
"117",2003,"Hungary","FR",124,62,6,69,137,0.408759124087591,2288787,2473362,184575,0,-0.457787675426002,-0.477143989481941,-0.518185813305517,0,0,0.960093354532548,1.12211056529437
"118",2003,"Hungary","RU",123,33,30,36,99,0.0303030303030303,2957333,653165,-2304168,0,0.202630443166547,-0.566115069151718,-1.00432101140294,0,0,0.0296317976063711,0.932598558711318
"119",2003,"Hungary","UK",122,16,10,40,66,0.0909090909090909,1292623,1970647,678024,0,-0.738254212338732,-0.336354008368265,-0.636071241695386,0,0,0.372675285285174,0.463805700321672
"120",2003,"Hungary","USA",125,62,35,141,238,0.113445378151261,1530544,1349112,-181432,0,-1.28171222684041,-0.0463143940582033,-0.71441763008264,0,0,-0.169761362120436,2.09959354661746
"121",2004,"Croatia","CN",128,7,2,4,13,0.384615384615385,635628.168,7199.027,-628429.141,0,0.8953821945014,-1.06547321246896,-1.28147825724279,1,0,1.09861228866811,0.186083794964286
"122",2004,"Croatia","DE",129,26,5,31,62,0.338709677419355,2568929.266,895157.559,-1673771.707,0,0.464230501892714,-1.09254938860066,-1.2086267801095,1,0,2.06801284585621,1.23101587437912
"123",2004,"Croatia","FR",133,27,0,15,42,0.642857142857143,731934.797,184204.061,-547730.736,0,-0.909276352323186,0.333869427807428,-1.04075868759839,1,0,4.17438726989564,0.758649317931321
"124",2004,"Croatia","RU",132,17,0,7,24,0.708333333333333,1205679.762,115218.731,-1090461.031,0,0.000639819303982471,-0.118711540123736,-1.10796725190186,1,0,2.56494935746154,0.400795866076924
"125",2004,"Croatia","UK",131,7,0,3,10,0.7,319570.286,95996.999,-223573.287,0,-1.18867852598317,-0.16581535011091,-2.09574698165182,1,0,2.83321334405622,0.17176965689011
"126",2004,"Croatia","USA",130,29,1,43,73,0.383561643835616,362680.3,211158.78,-151521.52,0,-0.780167361120993,0.140904909512474,-1.47252973104422,1,0,1.85813453817293,1.70338243082693
"127",2004,"Czechia","CN",136,5,3,4,12,0.166666666666667,3511679.744,270513.74,-3241166.004,1,0.681098811713405,-0.690059606347837,-0.758560040753875,0,0,1.09861228866811,0.16988578448028
"128",2004,"Czechia","DE",135,61,59,117,237,0.00843881856540084,21227731.634,23835740.329,2608008.695,1,-0.678258751281107,-0.33037624698588,-0.465697689759021,0,0,-0.721878438600426,7.09599853636863
"129",2004,"Czechia","FR",134,43,14,53,110,0.263636363636364,3181925.799,3068658.791,-113267.008,1,-0.914711045462972,-0.166627289783261,-0.577744007746632,0,0,1.0277862360995,1.75113039387366
"130",2004,"Czechia","RU",138,21,20,34,75,0.0133333333333333,2793452.493,945896.049,-1847556.444,1,-0.0721969301891412,-0.62222223924981,-0.820739482456337,0,0,-0.37204911118832,1.96022059015708
"131",2004,"Czechia","UK",137,30,34,35,99,-0.0404040404040404,1961840.567,3097418.55,1135577.983,1,-0.646297477076067,-0.261145571741778,-0.536039718934602,0,0,-0.139112802462718,1.39829068764538
"132",2004,"Czechia","USA",139,92,34,162,288,0.201388888888889,2078718.681,1507846.986,-570871.695,1,-1.21142769928853,-0.275108968459837,-0.508976523442663,0,0,0.652509534828119,4.28634902381015
"133",2004,"Hungary","CN",145,12,10,12,34,0.0588235294117647,2874298,390870,-2483428,1,0.213206047412538,-0.402418641223598,-0.724398756407571,0,0,0.367724780125317,0.231745040152347
"134",2004,"Hungary","DE",144,45,59,66,170,-0.0823529411764706,17678363,17539824,-138539,1,-1.5389878798563,-0.077250496757788,-0.298717438456413,0,0,-0.400103164966779,1.79350509335295
"135",2004,"Hungary","FR",140,66,14,77,157,0.331210191082803,2776299,3090910,314611,1,-0.244254382198637,-0.13842220089563,-0.18675313303916,0,0,1.0028453835761,1.3501667556702
"136",2004,"Hungary","RU",143,25,31,25,81,-0.0740740740740741,3385003,908854,-2476149,1,0.092523213665333,-0.397716417871795,-0.77529132567153,0,0,-0.289892018102584,0.906828417987446
"137",2004,"Hungary","UK",141,19,27,38,84,-0.0952380952380952,1614142,3097250,1483108,1,-0.0483604686453335,0.247302628725174,0.0484867652601612,0,0,-0.367724780125317,0.629741956935726
"138",2004,"Hungary","USA",142,63,25,123,211,0.180094786729858,990012,1651985,661973,1,0.0840247565884902,-0.906258023445283,-0.45074404569975,0,0,-0.0423792229688614,2.06555361874918
"139",2005,"Croatia","CN",149,7,2,3,12,0.416666666666667,873290.793,9034.787,-864256.006,0,0.358916111258641,-0.502303397554993,-1.23949590073581,1,1,1.22377543162212,0.240874857482376
"140",2005,"Croatia","DE",150,37,4,25,66,0.5,2751126.674,936093.357,-1815033.317,0,0.0526708215905531,-0.81413604280765,-1.11958314358958,1,1,2.10126058907448,2.0072904790198
"141",2005,"Croatia","FR",146,16,1,8,25,0.6,777458.602,198553.967,-578904.635,0,-1.07826680732458,0.630493992713395,-0.912558191984551,1,1,2.00148000021012,0.465691391132594
"142",2005,"Croatia","RU",151,14,0,7,21,0.666666666666667,1698596.898,112586.414,-1586010.484,0,-0.547685370161478,0.436174386007221,-1.13577654131182,1,1,2.66258782702545,0.433574743468277
"143",2005,"Croatia","UK",148,13,0,7,20,0.65,347354.52,124786.285,-222568.235,0,-1.17773823005609,0.146177349045328,-1.60904381468387,1,1,3.29583686600433,0.30510815281101
"144",2005,"Croatia","USA",147,40,3,63,106,0.349056603773585,401604.818,305131.821,-96472.997,0,-0.535689706175374,0.394187077873663,-0.574054238424427,1,1,1.62830639673848,2.21604868883786
"145",2005,"Czechia","CN",156,23,24,15,62,-0.0161290322580645,3924155.192,298483.911,-3625671.281,1,0.641279643644758,-0.651254671379291,-0.730571974823906,0,1,-0.093090423066012,0.695508664387599
"146",2005,"Czechia","DE",152,46,89,78,213,-0.2018779342723,22965404.164,26200642.941,3235238.777,1,-0.601181081462698,-0.209792500011322,-0.358567698278492,0,1,-0.670307688590123,4.53848874219026
"147",2005,"Czechia","FR",155,65,15,96,176,0.284090909090909,3468969.475,4139348.423,670378.948,1,-0.524270627507292,-0.00960655178559009,-0.28875404101436,0,1,1.3798634707896,2.58163385594719
"148",2005,"Czechia","RU",153,19,17,33,69,0.0289855072463768,4360243.143,1401250.657,-2958992.486,1,-0.970127595925365,0.0345534180898764,-0.583259821508107,0,1,0.0285733724440559,1.3910173287752
"149",2005,"Czechia","UK",154,45,56,95,196,-0.0561224489795918,1912178.171,3633630.549,1721452.378,1,-0.395147763939174,-0.307039880958884,-0.375486169492926,0,1,-0.270545790208794,2.71130496286691
"150",2005,"Czechia","USA",157,78,28,124,230,0.217391304347826,1986326.763,2074700.141,88373.378,1,0.740088801721678,-0.344227339502664,-0.137646960221453,0,1,0.587786664902119,3.34787221501827
"151",2005,"Hungary","CN",163,38,24,24,86,0.162790697674419,3587953,401960,-3185993,1,-0.139921880300235,-0.142441527043109,-0.712593051631343,0,1,0.67347441496124,0.684303508732697
"152",2005,"Hungary","DE",161,112,90,102,304,0.0723684210526316,18206775,18731716,524941,1,-1.11856800861119,-0.0215149674133988,-0.186086889437569,0,1,-0.0670354013361583,2.62092716416575
"153",2005,"Hungary","FR",158,84,5,91,180,0.438888888888889,3259322,3186557,-72765,1,-0.880368019939291,0.197180644753966,-0.135420213866179,0,1,1.48088277979581,1.54303732361294
"154",2005,"Hungary","RU",160,77,35,69,181,0.232044198895028,4868346,1171082,-3697264,1,-0.689270063222085,0.18636233580631,-0.540404426235194,0,1,0.0692917804713919,1.68168705414048
"155",2005,"Hungary","UK",162,35,19,58,112,0.142857142857143,1638712,3161244,1522532,1,-0.0145771976433405,0.291904793988769,0.0873714523212761,0,1,0.634058264189939,0.818480667307735
"156",2005,"Hungary","USA",159,47,22,139,208,0.120192307692308,1111367,1896403,785036,1,0.283302316469818,-0.713191823582427,-0.237959907966453,0,1,-0.0745686954975085,1.48042131627793
"157",2006,"Croatia","CN",164,10,0,6,16,0.625,1146398.31,17139.207,-1129259.103,0,-0.243920946744869,0.144857298412672,-1.05415432573563,1,0,3.13549421592915,0.254586297266941
"158",2006,"Croatia","DE",168,46,6,36,88,0.454545454545455,3127137.863,1071445.428,-2055692.435,0,-0.648479262044198,-0.23955853188555,-0.825165025434371,1,0,1.62531126159039,1.73717708723325
"159",2006,"Croatia","FR",167,29,0,12,41,0.707317073170732,849716.276,212745.256,-636971.02,0,-1.39303862401123,1.10131142792926,-0.785774763354485,1,0,2.26868354131836,1.13815050542868
"160",2006,"Croatia","RU",166,12,1,9,22,0.5,2167824.84,123578.347,-2044246.493,0,-1.05472325494514,0.96439294881895,-1.01965152826365,1,0,2.51230562397611,0.554099588169225
"161",2006,"Croatia","UK",169,10,1,8,19,0.473684210526316,406496.961,193041.96,-213455.001,0,-1.07853791324391,0.810295344966273,-0.455133530627655,1,0,2.12026353620009,0.344440284537626
"162",2006,"Croatia","USA",165,29,2,34,65,0.415384615384615,372059.967,327181.456,-44878.511,0,-0.30655187907319,0.201938482137982,-0.363237854726557,1,0,0.989128055826421,1.93186072631973
"163",2006,"Czechia","CN",174,39,11,42,92,0.304347826086957,5711362,400773,-5310589,1,0.466790434138531,-0.483117526984256,-0.628217442674337,0,0,1.00097381910419,2.37131078764
"164",2006,"Czechia","DE",170,29,28,62,119,0.00840336134453781,26583076.442,30366436.125,3783359.683,1,-0.533824805949695,0.0412516242847704,-0.169857437633068,0,0,-0.157467432453252,4.505490496516
"165",2006,"Czechia","FR",173,15,5,32,52,0.192307692307692,4463305,5268095,804790,1,-0.457302238378334,0.534322163622869,0.0159060826921486,0,0,0.847297860387204,1.09445113275692
"166",2006,"Czechia","RU",171,26,19,40,85,0.0823529411764706,5593601,1894521,-3699080,1,-1.56804528892482,0.551558939705825,-0.326006086169917,0,0,-0.148420005118273,2.35306993542738
"167",2006,"Czechia","UK",172,13,17,26,56,-0.0714285714285714,2456689,4548918,2092229,1,-0.236205091161732,0.196156709841701,-0.101429174700697,0,0,-0.158224005214894,1.14917368939477
"168",2006,"Czechia","USA",175,67,32,175,274,0.127737226277372,2178222.561,2183107.151,4884.58999999985,1,0.492942855389602,-0.200670140400862,-0.0666325761285973,0,0,0.183519879286063,6.11068549122615
"169",2006,"Hungary","CN",178,11,6,4,21,0.238095238095238,3858845,762040,-3096805,1,-0.0950936101517835,-0.0437583812449558,-0.329274911340601,0,0,1.29928298413026,0.334151052575816
"170",2006,"Hungary","DE",177,29,42,39,110,-0.118181818181818,21048974,21841723,792749,1,-0.948869140704977,0.278272822733482,0.107800304924378,0,0,-0.321766089231517,1.97230621276457
"171",2006,"Hungary","FR",176,17,4,56,77,0.168831168831169,3672134,3463762,-208372,1,-1.10304950271855,0.484001110690994,0.0133533165043112,0,0,0.398639143037765,1.19805377386939
"172",2006,"Hungary","RU",180,26,14,35,75,0.16,6179246,1997876,-4181370,1,-0.999208779969369,0.702540211184175,0.200184218503605,0,0,0.381014012244,1.18175372252423
"173",2006,"Hungary","UK",179,12,5,26,43,0.162790697674419,1883468,3324415,1440947,1,-0.0844891336391197,0.736212794039907,0.18651907979337,0,0,0.083381608939051,0.431951360646786
"174",2006,"Hungary","USA",181,32,20,89,141,0.0851063829787234,1293234,2026037,732803,1,0.198720721796509,-0.42385582118897,-0.125103821626992,0,0,-0.249067236324001,2.68950847195169
"175",2007,"Croatia","CN",184,13,2,8,23,0.478260869565217,1603371.838,19840.36,-1583531.478,0,-1.27731348131312,1.2277103434985,-0.99238112650157,1,0,2.28238238567653,0.84469368122199
"176",2007,"Croatia","DE",182,22,9,42,73,0.178082191780822,3718997.308,1237038.619,-2481958.689,0,-1.89038782601879,0.66485372145257,-0.464966357520851,1,0,0.924258901523332,2.20558905652409
"177",2007,"Croatia","FR",185,10,1,7,18,0.5,932491.34,275649.788,-656841.552,0,-1.50075470546128,1.64065820142642,-0.223792533034906,1,0,1.48807705542983,0.65698397428377
"178",2007,"Croatia","RU",183,19,1,21,41,0.439024390243902,2618796.766,157060.58,-2461736.186,0,-1.51667536412061,1.47206037715841,-0.665926233176148,1,0,0.451985123743057,1.6659236490767
"179",2007,"Croatia","UK",187,7,0,11,18,0.388888888888889,465624.027,240421.347,-225202.68,0,-1.20641496310435,1.47424069305573,0.345848393755618,1,0,2.70805020110221,0.422346840610995
"180",2007,"Croatia","USA",186,24,1,36,61,0.377049180327869,488636.798,347520.264,-141116.534,0,-0.73395746413571,0.96050490899408,-0.168778674278205,1,0,0.977251431663842,2.62793589713508
"181",2007,"Czechia","CN",192,21,13,9,43,0.186046511627907,9193963.453,696676.527,-8497286.926,1,0.136777641363768,-0.155480758395233,-0.332124600675397,1,0,0.439366659783846,0.710387807162001
"182",2007,"Czechia","DE",188,71,113,162,346,-0.121387283236994,32771955.039,37191790.376,4419835.337,1,-0.455610986628337,0.470721595129568,0.139330830438084,1,0,-0.528293316806382,8.42778262133101
"183",2007,"Czechia","FR",190,57,12,60,129,0.348837209302326,5357723.159,6515459.981,1157736.822,1,-0.281451519513897,1.02359334827945,0.352582514020654,1,0,1.21163567707151,2.5670832122445
"184",2007,"Czechia","RU",191,115,70,148,333,0.135135135135135,5624593.417,2861906.788,-2762686.629,1,-0.811531831344311,0.564550506286671,0.178511590612606,1,0,0.293125744032957,7.08773289418451
"185",2007,"Czechia","UK",193,33,32,71,136,0.00735294117647059,3187828.057,6081747.652,2893919.595,1,0.107459634037251,0.871821290395992,0.357533403117424,1,0,-0.0192313619278876,2.970712648132
"186",2007,"Czechia","USA",189,226,112,516,854,0.133489461358314,2634215.701,2351013.15,-283202.551,1,-0.359861105407468,0.14045821504148,0.0433579226821412,1,0,0.136575535005751,16.79098453292
"187",2007,"Hungary","CN",195,14,9,22,45,0.111111111111111,5128096,1014446,-4113650,1,-0.606187057242222,0.418616592868166,-0.0605796255201577,0,0,0.435318071257845,0.280883650107672
"188",2007,"Hungary","DE",194,45,68,68,181,-0.12707182320442,25396652,26824553,1427901,1,-0.546399552984054,0.73685463909828,0.578664173938993,0,0,-0.619039208406224,1.63602406729381
"189",2007,"Hungary","FR",198,38,9,65,112,0.258928571428571,4133376,4485675,352299,1,-0.182366576089922,0.80447058674723,0.561805201360279,0,0,0.652655819205208,0.960917750368352
"190",2007,"Hungary","RU",197,62,26,50,138,0.260869565217391,6491158,2959936,-3531222,1,-0.582965153953964,0.825358178584328,1.06193540629332,0,0,0.449402811139584,1.24672918381125
"191",2007,"Hungary","UK",196,31,21,22,74,0.135135135135135,2370712,4277574,1906862,1,0.314763420868124,1.62071167119477,0.765687274225431,0,0,0.200670695462151,0.502633900192676
"192",2007,"Hungary","USA",199,34,25,110,169,0.0532544378698225,1528247,2206633,678386,1,0.110602546747451,-0.0499687392527563,0.0321184948066696,0,0,-0.486030965152774,1.68530190064603
"193",2008,"Croatia","CN",201,17,1,8,26,0.615384615384615,1885833.301,35263.636,-1850569.665,0,-1.88478002358403,1.89703632539421,-0.639663194126086,1,0,2.4567357728213,0.358628604217472
"194",2008,"Croatia","DE",203,60,12,42,114,0.421052631578947,4115890.236,1518132.923,-2597757.313,0,-2.22776218181773,1.27134032968173,0.14647058168807,1,0,1.67195826941543,2.12308133696744
"195",2008,"Croatia","FR",202,23,1,63,87,0.252873563218391,1000655.226,298386.679,-702268.547,0,-1.74700970726251,2.08480128276705,-0.0206636278756847,1,0,2.02438176449681,1.52058528188208
"196",2008,"Croatia","RU",204,9,2,8,19,0.368421052631579,3200867.252,186208.465,-3014658.787,0,-2.12848390939825,2.12730787640057,-0.357991448097699,1,0,1.43508452528932,0.272557739205279
"197",2008,"Croatia","UK",205,8,1,6,15,0.466666666666667,580581.57,336011.6,-244569.97,0,-1.41723379029493,2.76511357185956,1.96186898094101,1,0,1.22377543162212,0.229522306699182
"198",2008,"Croatia","USA",200,24,2,42,68,0.323529411764706,630448.829,351408.658,-279040.171,0,-1.346494286156,1.88327699602119,-0.131601770376054,1,0,1.11861295537478,1.70707215607517
"199",2008,"Czechia","CN",206,55,46,73,174,0.0517241379310345,12442373.255,777529.291,-11664843.964,1,-0.191252930927048,0.15012368843671,-0.251220108191163,1,0,0.662056593489914,1.91794675082385
"200",2008,"Czechia","DE",209,52,59,79,190,-0.0368421052631579,38009386.326,44867594.936,6858208.61,1,-0.155969538579408,0.834166995919923,0.487044462680883,1,0,-0.317921957641499,5.5794814569421
"201",2008,"Czechia","FR",210,53,20,103,176,0.1875,5784067.444,7887134.415,2103066.971,1,0.189545740990902,1.25681532761262,0.722811324687954,1,0,0.750776293396582,3.64409882656531
"202",2008,"Czechia","RU",208,92,52,88,232,0.172413793103448,9141003.381,3988126.713,-5152876.668,1,-2.74256956257829,2.03857798122847,0.765865536841127,1,0,0.411507422564127,5.35281502275382
"203",2008,"Czechia","UK",211,39,23,46,108,0.148148148148148,3413120.81,7020774.288,3607653.478,1,0.413419514689709,1.08002017130691,0.638698426860349,1,0,0.646627164925052,2.23179258277684
"204",2008,"Czechia","USA",207,209,107,405,721,0.141470180305132,2922338.205,2541341.036,-380997.169,1,-0.649355587131096,0.356002589142041,0.1680363692142,1,0,0.318720291162763,14.5763953062612
"205",2008,"Hungary","CN",212,37,23,61,121,0.115702479338843,6129649,1110516,-5019133,1,-1.06130698973124,0.783471962253669,0.04169035264506,0,0,0.716677677970139,1.02516756393808
"206",2008,"Hungary","DE",215,53,76,70,199,-0.115577889447236,27776612,28909331,1132719,1,-0.733444194019015,0.987886656574175,0.775670019034361,0,0,-0.316911710766719,2.05033512787616
"207",2008,"Hungary","FR",214,53,4,82,139,0.352517985611511,4729529,5072915,343386,1,-0.197002694107513,1.21867579693917,0.876971839677649,0,0,0.873895172906469,1.22900205033513
"208",2008,"Hungary","RU",213,39,25,46,110,0.127272727272727,10157294,3872211,-6285083,1,-2.34606692183206,2.26892999285414,1.87909240777021,0,0,-0.0886656370856563,1.34890468939221
"209",2008,"Hungary","UK",217,30,21,49,100,0.09,2120250,5055838,2935588,1,1.19630079010504,1.16604551261722,1.23858398471285,0,0,0.131336002061087,0.75538662605964
"210",2008,"Hungary","USA",216,78,10,142,230,0.295652173913043,1962557,2478477,515920,1,-0.152480817413017,0.640984095508372,0.268779015463784,0,0,0.343771539102825,2.68581911487872
"211",2009,"Croatia","CN",223,15,2,4,21,0.619047619047619,1441495.746,41090.655,-1400405.091,0,-0.860732038938916,0.844125718988709,-0.506403950526175,1,1,2.10413415427021,0.40750411277299
"212",2009,"Croatia","DE",221,68,12,49,129,0.434108527131783,2863084.705,1148521.837,-1714562.868,0,0.345387192798941,-0.643054520072114,-0.657508253548396,1,1,1.49591408613711,2.61104487073064
"213",2009,"Croatia","FR",220,28,2,33,63,0.412698412698413,631762.918,209694.427,-422068.491,0,-0.228074428911336,-0.318831725450483,-0.813030537004365,1,1,1.94591014905531,1.35834704257663
"214",2009,"Croatia","RU",219,21,1,10,32,0.625,2009412.822,154049.794,-1855363.028,0,-0.845723807753707,0.786065613657683,-0.697733883708157,1,1,2.83321334405622,0.558431561948172
"215",2009,"Croatia","UK",222,7,1,12,20,0.3,367773.756,222954.284,-144819.472,0,-0.331419357814335,0.375467548456556,0.0505553851089702,1,1,0.998528830111127,0.347133133102917
"216",2009,"Croatia","USA",218,41,8,42,91,0.362637362637363,542735.043,236203.474,-306531.569,0,-1.46858716254828,1.31252264748309,-1.23307761222685,1,1,1.2666713985415,2.5808593808956
"217",2009,"Czechia","CN",224,16,6,7,29,0.344827586206897,10546001.99,843971.398,-9702030.592,1,0.0120150090004879,-0.0282834482095049,-0.184735492446696,1,1,0.60077386042893,0.401890270097978
"218",2009,"Czechia","DE",227,39,64,92,195,-0.128205128205128,27960029.4,36438816.833,8478787.433,1,0.0431765850178664,0.136803659675087,0.105221159774548,1,1,-0.416160397224912,4.50394268213251
"219",2009,"Czechia","FR",228,44,23,92,159,0.132075471698113,4055561.766,6351707.363,2296145.597,1,0.285744411904159,0.311275467703892,0.308384025295453,1,1,0.638488768022081,2.38362505023628
"220",2009,"Czechia","RU",226,53,28,57,138,0.181159420289855,5395162.601,2620266.351,-2774896.25,1,-0.821396000490012,0.468376473723749,0.0524896111663316,1,1,0.515027310619691,2.64693246857634
"221",2009,"Czechia","UK",229,28,26,46,100,0.02,2279669.314,5574188.831,3294519.517,1,0.279186810291407,0.0325682231565443,0.205559239141318,1,1,0.17958557697508,1.59370279521612
"222",2009,"Czechia","USA",225,80,69,225,374,0.0294117647058824,2202265.753,1806036.392,-396229.361,1,-0.694446366345089,-0.182683434402293,-0.313641027978812,1,1,0.0574870909176816,5.52945578514115
"223",2009,"Hungary","CN",230,24,16,32,72,0.111111111111111,4949087,1214685,-3734402,1,-0.41556688639794,0.353405470922219,0.152582008265884,0,1,0.807091439909163,0.432698384916815
"224",2009,"Hungary","DE",232,57,60,70,187,-0.0160427807486631,19198627,21101987,1903360,1,-0.245120823312728,0.0831030129717763,0.037897266889888,0,1,-0.240788015293919,1.60438726991628
"225",2009,"Hungary","FR",231,34,5,60,99,0.292929292929293,3384456,4497356,1112900,1,1.06662321413761,0.284123350354976,0.568074293217416,0,1,0.942958978956316,0.734128720476843
"226",2009,"Hungary","RU",235,40,39,19,98,0.0102040816326531,5680583,2937919,-2742664,1,-0.0781074273387084,0.50618747041863,1.04221400024633,0,1,-0.198321898140396,1.03069727643106
"227",2009,"Hungary","UK",234,23,11,35,69,0.173913043478261,1515060,4390645,2875585,1,1.14488293271024,0.0674380890976807,0.834392628644397,0,1,-0.0615578929994333,0.515348638215532
"228",2009,"Hungary","USA",233,59,15,107,181,0.243093922651934,1523004,1858778,335774,1,-0.444193641758122,-0.0583099372741065,-0.270715282702418,0,1,0.0277795641070757,1.80858201336017
"229",2010,"Croatia","CN",238,6,3,2,11,0.272727272727273,1440729.319,37695.204,-1403034.115,0,-0.866712622228403,0.842309579190813,-0.584055187280433,1,0,0.887303195000903,0.197679546249411
"230",2010,"Croatia","DE",237,38,9,73,120,0.241666666666667,2508549.013,1218669.599,-1289879.414,0,1.58268433643094,-1.18481562027811,-0.504922689631613,1,0,1.20682587330834,2.5850402201846
"231",2010,"Croatia","FR",236,15,0,21,36,0.416666666666667,543211.568,162445.19,-380766.378,0,-0.00417998220163799,-0.895815693850885,-1.23515006871248,1,0,2.00148000021012,0.760305947113118
"232",2010,"Croatia","RU",240,21,1,17,39,0.512820512820513,1821833.599,230486.114,-1591347.485,0,-0.55359075874941,0.574904216993882,0.109782743017505,1,0,1.91364928683709,0.805924303939905
"233",2010,"Croatia","UK",241,4,1,7,12,0.25,320595.867,175092.062,-145503.805,0,-0.33886853012847,-0.154298970555751,-0.758589205191859,1,0,1.22377543162212,0.25850402201846
"234",2010,"Croatia","USA",239,30,3,31,64,0.421875,435723.804,294269.835,-141453.969,0,-0.735456056886265,0.616199608802499,-0.677905599605548,1,0,1.47962630091211,1.59664248893755
"235",2010,"Czechia","CN",242,16,19,34,69,-0.0434782608695652,15332148.821,1214996.235,-14117152.586,1,-0.445212746348803,0.421988482950064,0.186526721131189,1,0,0.392042087776024,0.867362869930264
"236",2010,"Czechia","DE",244,61,77,68,206,-0.0776699029126214,32057288.768,42212766.394,10155477.626,1,0.249217999153708,0.421128167538516,0.366780838443859,1,0,-0.483978373729803,5.01335738819693
"237",2010,"Czechia","FR",243,28,4,43,75,0.32,4151364.621,7100946.88,2949582.259,1,0.611309906711414,0.363682248455905,0.510611353011216,1,0,1.33500106673234,1.49186413628005
"238",2010,"Czechia","RU",247,18,12,28,58,0.103448275862069,6812628.584,3538199.508,-3274429.076,1,-1.22496923912652,1.06255742108993,0.531216412361893,1,0,-0.167054084663166,1.59594768067169
"239",2010,"Czechia","UK",246,45,22,37,104,0.221153846153846,2543869.468,6443274.857,3899405.389,1,0.53848626855389,0.276722443240548,0.465782521172834,1,0,0.34754246037546,2.34187974881171
"240",2010,"Czechia","USA",245,56,49,118,223,0.031390134529148,2797205.762,2320765.167,-476440.595,1,-0.931890001691592,0.262391039430849,0.0235433195232109,1,0,0,4.614370468029
"241",2010,"Hungary","CN",252,28,17,18,63,0.174603174603175,6173901,1530089,-4643812,1,-0.872660633939125,0.799592506853952,0.488340936060433,1,0,0.347196199984189,0.409215923257739
"242",2010,"Hungary","DE",249,46,53,64,163,-0.0429447852760736,20989922,23805449,2815527,1,0.332881727923245,0.272044170699,0.29336706558942,1,0,-0.403442862727397,1.55121384862818
"243",2010,"Hungary","FR",251,41,17,96,154,0.155844155844156,3237860,4748050,1510190,1,1.71901672106107,0.18226891534702,0.702619598759162,1,0,0.822139300751049,1.27523101666365
"244",2010,"Hungary","RU",253,49,21,45,115,0.243478260869565,6828202,3363961,-3464241,1,-0.540081973025718,0.958072081878902,1.42383489660238,1,0,0.019901154317295,1.30378096479791
"245",2010,"Hungary","UK",250,46,23,35,104,0.221153846153846,1640926,5162439,3521513,1,1.69839248708766,0.295923890199335,1.30335797173353,1,0,0.278379679789467,0.675682105844174
"246",2010,"Hungary","USA",248,78,33,129,240,0.1875,1576169,1921384,345215,1,-0.428905704337129,0.0262713697648183,-0.216212080291259,1,0,0.241510428184285,2.20310433102713
"247",2011,"Croatia","CN",256,8,0,3,11,0.727272727272727,1604811.743,54692.458,-1550119.285,0,-1.20130641438603,1.2311223694001,-0.195341642444633,1,0,2.94443897916644,0.218579234972678
"248",2011,"Croatia","DE",255,38,5,17,60,0.55,2858432.77,1349254.453,-1509178.317,0,0.943766328847034,-0.65016307777323,-0.220874232225646,1,0,2.26336437984076,1.74863387978142
"249",2011,"Croatia","FR",257,15,0,32,47,0.319148936170213,672196.637,381326.272,-290870.365,0,0.483136928002032,-0.0553732051026091,0.72030965296739,1,0,3.66356164612965,1.11111111111111
"250",2011,"Croatia","RU",258,12,1,18,31,0.354838709677419,1639948.433,320466.506,-1319481.927,0,-0.252771672587523,0.370152725486813,1.06038662634539,1,0,2.39789527279837,0.655737704918033
"251",2011,"Croatia","UK",259,10,1,4,15,0.6,335808.718,199744.759,-136063.959,0,-0.236112942610559,0.0165280691730274,-0.341817990226631,1,0,3.04452243772342,0.29143897996357
"252",2011,"Croatia","USA",254,14,2,25,41,0.292682926829268,523779.269,355451.125,-168328.144,0,-0.854807765606918,1.189177265488,-0.0929517757544665,1,0,1.30992138233532,1.29326047358834
"253",2011,"Czechia","CN",262,20,20,17,57,0,18905320.565,1667836.481,-17237484.084,1,-0.768352666087163,0.758145938696052,0.639656688080313,1,0,0.714653385780909,0.627327974906881
"254",2011,"Czechia","DE",263,62,125,105,292,-0.215753424657534,38938449.936,52221249.289,13282799.353,1,0.63352142848069,0.898638275368364,0.820164703738676,1,0,-0.718641029386165,6.15565575377377
"255",2011,"Czechia","FR",265,48,21,87,156,0.173076923076923,4911601.102,8845136.854,3933535.752,1,1.10155069735727,0.779552386975775,0.981385877669191,1,0,0.928975891401471,2.45703456838528
"256",2011,"Czechia","RU",264,33,37,44,114,-0.0350877192982456,8100370.332,5215405.295,-2884965.037,1,-0.910320720809356,1.60235987205966,1.40592428758596,1,0,-0.253988226665308,1.90812259034176
"257",2011,"Czechia","UK",260,42,38,50,130,0.0307692307692308,2871823.026,7357285.88,4485462.854,1,0.789714459225177,0.579792838790977,0.739457325625442,1,0,-0.0449513878622663,1.90812259034176
"258",2011,"Czechia","USA",261,65,36,124,225,0.128888888888889,2944140.579,3134884.493,190743.914,1,1.04312904942825,0.372312939748103,0.556849998805124,1,0,0.113023388403395,3.25426386982945
"259",2011,"Hungary","CN",269,70,34,48,152,0.236842105263158,6079151,1687531,-4391620,1,-0.745902201131143,0.765076064639435,0.655943620585136,1,0,0.56376804303619,0.667945099222167
"260",2011,"Hungary","DE",270,94,108,132,334,-0.0419161676646707,24178676,27550353,3371677,1,0.685291011387662,0.608385684780888,0.647250297914888,1,0,-0.356431605331862,2.34858115532956
"261",2011,"Hungary","FR",268,67,13,116,196,0.275510204081633,3693345,5183997,1490652,1,1.68693319432174,0.498738446095465,0.936588590099232,1,0,0.698749436108615,0.938816844528852
"262",2011,"Hungary","RU",271,85,35,59,179,0.279329608938547,8880717,3571730,-5308987,1,-1.72114192263321,1.7662670867467,1.60994094252039,1,0,-0.0454623740767573,1.70526076022618
"263",2011,"Hungary","UK",267,67,48,91,206,0.0922330097087379,2072420,5072538,3000118,1,1.25159793087611,1.07921923811344,1.24873140906389,1,0,0.261758387441989,0.738741123563687
"264",2011,"Hungary","USA",266,145,39,212,396,0.267676767676768,1948962,2268366,319404,1,-0.470701801442652,0.619355526540176,0.0858616854664805,1,0,0.337367491828724,2.03153808980014
"265",2012,"Croatia","CN",272,24,4,10,38,0.526315789473684,1487851.145,45866.13,-1441985.015,0,-0.955319307314008,0.95397034211821,-0.397192673485499,0,0,1.8803128665695,0.572364130073076
"266",2012,"Croatia","DE",273,107,4,59,170,0.605882352941176,2645561.299,1260669.253,-1384892.046,0,1.30586908244518,-0.975449036094821,-0.413564951235058,0,0,2.97212240791486,2.99492858759168
"267",2012,"Croatia","FR",275,40,0,19,59,0.677966101694915,649647.012,184042.187,-465604.825,0,-0.464080354629921,-0.202302327227127,-1.04220485226504,0,0,4.81218435537242,1.15803905386878
"268",2012,"Croatia","RU",276,17,0,3,20,0.85,1583175.605,422368.26,-1160807.345,0,-0.0771983373496718,0.306242504187763,2.13693453769837,0,0,3.66356164612965,0.292837461897853
"269",2012,"Croatia","UK",277,10,0,12,22,0.454545454545455,305550.137,193621.738,-111928.399,0,0.02660995010123,-0.323249387309223,-0.445331974981629,0,0,2.19722457733622,0.479188574014669
"270",2012,"Croatia","USA",274,25,5,22,52,0.384615384615385,464209.94,361239.84,-102970.1,0,-0.56454418616533,0.801559137064653,-0.0376059179859537,0,0,1.72645437082029,1.73040318394186
"271",2012,"Czechia","CN",279,11,18,19,48,-0.145833333333333,15672785.744,1670839.572,-14001946.172,1,-0.433282029565292,0.454034981011933,0.642661700416551,1,0,-0.482851771723585,0.958926002876778
"272",2012,"Czechia","DE",280,57,135,115,307,-0.254071661237785,35674358.528,49142433.854,13468075.326,1,0.656289214468638,0.672130480804736,0.680694490611071,1,0,-0.957155506228003,7.06118238481991
"273",2012,"Czechia","FR",283,34,9,68,111,0.225225225225225,4410729.106,7911709.278,3500980.172,1,0.886036050530893,0.505561712280379,0.72944432890184,1,0,1.19279950372781,2.06314382437125
"274",2012,"Czechia","RU",282,18,22,20,60,-0.0666666666666667,7903779.167,6033128.654,-1870650.513,1,-0.0908546594404019,1.51995173947344,1.83238898703789,1,0,-0.373513508301562,1.32215554942101
"275",2012,"Czechia","UK",278,28,29,39,96,-0.0104166666666667,2665027.001,7503843.363,4838816.362,1,0.941188278404653,0.388687264339468,0.7833398275776,1,0,0.109698917256425,1.62726836851817
"276",2012,"Czechia","USA",281,33,28,67,128,0.0390625,3003996.201,3553700.312,549704.111,1,2.10573349858031,0.417090915787037,0.831204465685358,1,0,-0.137470990628603,2.48449009836256
"277",2012,"Hungary","CN",286,29,22,19,70,0.1,5412282.799,1810642.365,-3601640.434,1,-0.34883737854958,0.522142896042964,0.78700010658951,1,0,0.419070760163943,0.418192063565194
"278",2012,"Hungary","DE",289,130,134,192,456,-0.0087719298245614,23192912.486,25694396.139,2501483.653,1,0.133885430354176,0.50440990213179,0.471867427478874,1,0,-0.281380854375052,4.09332062218473
"279",2012,"Hungary","FR",288,76,13,124,213,0.295774647887324,3404552.005,4741081.381,1336529.376,1,1.43384703769155,0.298085990776216,0.698879601102421,1,0,1.17587077180524,1.34317620416278
"280",2012,"Hungary","RU",287,89,44,110,243,0.185185185185185,8283260.028,3286884.42,-4996375.608,1,-1.52099903310682,1.53101339047952,1.35479467627749,1,0,-0.22543976357456,2.45953637384953
"281",2012,"Hungary","UK",285,37,24,87,148,0.0878378378378378,1789767.224,4271671.597,2481904.373,1,0.807529561409118,0.566116843837258,0.762100795906157,1,0,0.10212949507638,0.666272101273359
"282",2012,"Hungary","USA",284,78,31,160,269,0.174721189591078,1902610.524,2453641.178,551030.654,1,-0.0956256663525235,0.545613996901064,0.247157576088747,1,0,0.12334454731753,1.7542802666506
"283",2013,"Croatia","CN",291,40,0,6,46,0.869565217391304,769746.958,76376.174,-693370.784,1,0.747650981352467,-0.747662811524405,0.300547523627296,0,1,4.39444915467244,0.425468940767324
"284",2013,"Croatia","DE",290,256,9,127,392,0.630102040816326,3075973.738,1496969.466,-1579004.272,1,0.740331384869028,-0.317741725500587,0.100435784159196,0,1,3.0957336269342,4.64316104924341
"285",2013,"Croatia","FR",292,79,2,64,145,0.531034482758621,468249.267,219200.55,-249048.717,1,0.709847719758564,-1.38425597072307,-0.728103870588148,0,1,3.04452243772342,1.90536090865367
"286",2013,"Croatia","RU",293,51,0,18,69,0.739130434782609,988554.972,377505.849,-611049.123,1,0.531108824354217,-0.363132927383318,1.66298258923329,0,1,4.84418708645859,0.8046912575382
"287",2013,"Croatia","UK",295,31,0,11,42,0.738095238095238,205918.889,273160.551,67241.662,1,1.97693041970159,-1.44202134927242,0.899327707928604,0,1,4.26267987704132,0.462466239964483
"288",2013,"Croatia","USA",294,47,1,26,74,0.621621621621622,222837.141,328225.29,105388.149,1,0.360801914475652,-0.769055710732035,-0.353257766209859,0,1,2.59682456599199,1.72037441266788
"289",2013,"Czechia","CN",297,8,9,25,42,-0.0238095238095238,15486206.127,1916664.908,-13569541.219,1,-0.388502395767906,0.43648191224324,0.888644312078982,0,1,0.510825623765991,0.434121988278706
"290",2013,"Czechia","DE",298,38,60,55,153,-0.143790849673203,36880509.981,50566481.226,13685971.245,1,0.683065528585952,0.755829946101311,0.745203778247745,0,1,-0.471019373365571,5.83652895352483
"291",2013,"Czechia","FR",301,17,9,268,294,0.0272108843537415,4621357.912,7978846.427,3357488.515,1,0.81454337950608,0.620781427351504,0.747565324824596,0,1,0.902867711542014,7.30772013602489
"292",2013,"Czechia","RU",300,14,5,8,27,0.333333333333333,7750046.384,5936747.596,-1813298.788,1,-0.0445201240606582,1.45550921193507,1.78212367606145,0,1,0,1.2058944118853
"293",2013,"Czechia","UK",296,12,17,27,56,-0.0892857142857143,2727493.498,7834643.542,5107150.044,1,1.05621622267804,0.446414175643292,0.882388604914624,0,1,-0.093090423066012,1.71237006487712
"294",2013,"Czechia","USA",299,13,7,27,47,0.127659574468085,3099848.764,3486952.077,387103.313,1,1.62439787186046,0.488798194499878,0.787479573745157,0,1,0.510825623765991,1.35060174131153
"295",2013,"Hungary","CN",306,35,15,31,81,0.246913580246914,5360437.378,1997306.55,-3363130.828,1,-0.228956082290345,0.503256146934428,0.985710860458336,1,1,0.535142931416697,0.501716758704956
"296",2013,"Hungary","DE",307,103,96,106,305,0.0229508196721311,24748861.15,27888022.586,3139161.436,1,0.537955502435825,0.668527337808374,0.679159154470805,1,1,-0.286088446616503,2.67923575226796
"297",2013,"Hungary","FR",304,67,6,94,167,0.365269461077844,3767307.511,4798231.955,1030924.444,1,0.932010411245914,0.550127363730835,0.729551820783451,1,1,0.942741917961325,1.1365420452296
"298",2013,"Hungary","RU",305,86,34,80,200,0.26,8540719.077,3373891.857,-5166827.22,1,-1.63012710400614,1.63239005148312,1.43273031665469,1,1,-0.26761913730585,1.8498672327761
"299",2013,"Hungary","UK",303,69,38,103,210,0.147619047619048,1832176.91,4195337.928,2363161.018,1,0.705775834195978,0.643103568450574,0.715718153294479,1,1,0.292987124681474,0.938585773087504
"300",2013,"Hungary","USA",302,87,33,148,268,0.201492537313433,2129184.009,3292394.35,1163210.341,1,0.895685078829008,0.906074478452164,0.97735490392503,1,1,0.166473364553931,1.69628046990723
"301",2014,"Croatia","CN",311,20,0,10,30,0.666666666666667,588802.22,68086.998,-520715.222,1,1.14041307440839,-1.17643285733668,0.110980727324326,0,0,2.66258782702545,0.30668358714044
"302",2014,"Croatia","DE",308,170,8,92,270,0.6,3463093.478,1548656.067,-1914437.411,1,-0.23693876977235,0.27381060896468,0.212864590662343,0,0,2.86747793803031,4.0080372250423
"303",2014,"Croatia","FR",310,71,1,39,111,0.630630630630631,531105.6,306584.902,-224520.698,1,0.842811552453757,-0.97469590807651,0.0525784025426844,0,0,3.69386699562498,1.74492385786802
"304",2014,"Croatia","RU",313,39,1,15,55,0.690909090909091,1158132.583,365275.195,-792857.388,1,0.329938081961103,-0.172236277909135,1.53377102514009,0,0,3.10009228887823,0.8248730964467
"305",2014,"Croatia","UK",312,32,0,17,49,0.653061224489796,291934.003,201818.767,-90115.236,1,0.264052846912149,-0.476146688661242,-0.306755423481597,0,0,4.34380542185368,0.592216582064298
"306",2014,"Croatia","USA",309,40,3,34,77,0.480519480519481,203575.171,291613.422,88038.251,1,0.283748759451207,-0.894393512692952,-0.703303543030372,0,0,1.72180088062114,1.84010152284264
"307",2014,"Czechia","CN",318,33,41,66,140,-0.0571428571428571,17426277.263,2038260.172,-15388017.091,1,-0.576822818678378,0.619000252745372,1.01031737105327,0,0,0.0312525435041045,1.18832697273704
"308",2014,"Czechia","DE",319,58,149,95,302,-0.301324503311258,40154997.483,55775424.319,15620426.836,1,0.92078264962396,0.983059165413722,0.981168687053744,0,0,-0.823819159004266,5.30176649374986
"309",2014,"Czechia","FR",317,27,20,59,106,0.0660377358490566,4924285.899,8829539.861,3905253.962,1,1.08745969896241,0.786491317712889,0.977176091421636,0,0,0.151230969723923,1.37114650700427
"310",2014,"Czechia","RU",314,492,204,251,947,0.304118268215417,6248073.732,5452117.623,-795956.109,1,0.777392387785293,0.825904308546392,1.52937612579753,0,0,0.650041011374469,12.2603350167965
"311",2014,"Czechia","UK",316,39,38,35,112,0.00892857142857143,3282493.963,8871428.425,5588934.462,1,1.26274516370563,0.959304511348148,1.19282457666378,0,0,0.161969327945056,1.61109714573002
"312",2014,"Czechia","USA",315,75,40,151,266,0.131578947368421,3724818.924,3856227.044,131408.12,1,0.867481500687995,0.956338216881217,1.02938122145608,0,0,0.159276267676071,3.5078498137526
"313",2014,"Hungary","CN",322,23,22,40,85,0.0117647058823529,5140096.968,2156226.729,-2983870.239,1,-0.0383295838785318,0.422988421031652,1.15488711981446,1,0,0.0563529365511318,0.864090852981113
"314",2014,"Hungary","DE",325,64,53,80,197,0.0558375634517767,26343462.558,30899985.817,4556523.259,1,1.4360791461529,0.836721764824014,0.963781479590952,1,0,-0.400526826467582,2.80667104126196
"315",2014,"Hungary","FR",321,27,2,50,79,0.316455696202532,4938423.761,5065487.228,127063.467,1,-0.552227884599186,1.36381521314273,0.872985418569707,1,0,0.802346472524937,0.864090852981113
"316",2014,"Hungary","RU",324,324,128,154,606,0.323432343234323,7292483.517,2855657.654,-4436825.863,1,-1.16275904037471,1.14088682520202,0.968529601534524,1,0,0.556189773252143,6.49042678291829
"317",2014,"Hungary","UK",323,30,22,42,94,0.0851063829787234,1798762.022,4056711.297,2257949.275,1,0.615617635475374,0.582445190068787,0.631484425682958,1,0,-0.0322608622182214,0.747146226261865
"318",2014,"Hungary","USA",320,154,39,218,411,0.279805352798054,2019511.732,3971164.63,1951652.898,1,2.17242064407245,0.731594566205479,1.56827516654394,1,0,0.37700558919979,3.9891111558677
"319",2015,"Croatia","CN",326,20,0,11,31,0.645161290322581,578390.765,77335.852,-501054.913,1,1.18513693979401,-1.20110403643072,0.32249458856384,0,0,3.93182563272433,0.467219084525429
"320",2015,"Croatia","DE",329,181,6,49,236,0.741525423728814,3196302.929,1452601.728,-1743701.201,1,0.260493901450939,-0.133868348647299,0.00392698431406183,0,0,3.04832472367316,4.76838300971541
"321",2015,"Croatia","FR",331,53,0,19,72,0.736111111111111,475740.793,301650.004,-174090.789,1,1.11618682923864,-1.33544259406811,0.00849056186946198,0,0,3.90533401727735,1.48410768025725
"322",2015,"Croatia","RU",328,32,2,4,38,0.789473684210526,477790.619,216043.098,-261747.521,1,0.917610849404861,-0.938109795400105,-0.042801467735508,0,0,1.97155257966865,0.632119937887345
"323",2015,"Croatia","UK",330,25,1,21,47,0.51063829787234,231990.718,231293.264,-697.453999999998,1,1.23739253105091,-1.14925746376635,0.19153171829356,0,0,2.09714111877924,0.714570364568303
"324",2015,"Croatia","USA",327,46,2,13,61,0.721311475409836,180635.715,299980.853,119345.138,1,0.422786719060178,-1.04366074720838,-0.623302602231966,0,0,2.08406048753613,2.18493630704539
"325",2015,"Czechia","CN",333,12,31,36,79,-0.240506329113924,18998267.416,1849509.931,-17148757.485,1,-0.75916418528059,0.766890208266701,0.821446370250112,0,0,-0.49783842823918,0.899560215005997
"326",2015,"Czechia","DE",336,128,217,168,513,-0.173489278752437,36564620.718,50567277.256,14002656.538,1,0.721981653865478,0.733909181225336,0.745239838374147,0,0,-0.542187078970042,7.67402603171783
"327",2015,"Czechia","FR",335,75,36,91,202,0.193069306930693,4287283.005,8044959.236,3757676.231,1,1.0139311998597,0.438033320252836,0.765409841015341,0,0,0.760450862456052,2.58762382835058
"328",2015,"Czechia","RU",332,195,106,127,428,0.207943925233645,4194560.296,3199489.631,-995070.665,1,0.616527471523335,-0.0348984009826562,0.354570112233144,0,0,0.589644538172237,5.25298742836835
"329",2015,"Czechia","UK",337,41,51,57,149,-0.0671140939597315,3018323.573,8371819.837,5353496.264,1,1.16181869142112,0.71517779694912,1.04323088557791,0,0,-0.284931039079891,1.8546488383457
"330",2015,"Czechia","USA",334,86,56,167,309,0.0970873786407767,3277159.311,3687821.356,410662.045,1,1.69413711774009,0.621444170929901,0.919063390431561,0,0,0.177258254837408,3.84256585669228
"331",2015,"Hungary","CN",341,32,24,56,112,0.0714285714285714,4776876.86,1796783.797,-2980093.063,1,-0.0364310743691105,0.290671103153734,0.772247161374966,1,0,0.187462956294373,0.470783406005851
"332",2015,"Hungary","DE",343,139,133,151,423,0.0141843971631206,23774536.609,27340552.047,3566015.438,1,0.808435252483002,0.565758108408088,0.627424679049196,1,0,-0.147053417956497,2.32028964388598
"333",2015,"Hungary","FR",339,63,8,102,173,0.317919075144509,4575680.282,4640837.949,65157.6670000004,1,-0.653883959408274,1.1117821965095,0.645079816556348,1,0,0.464812664678766,1.12651743579972
"334",2015,"Hungary","RU",342,268,108,177,553,0.289330922242315,3642933.658,1707361.623,-1935572.035,1,0.438616281785211,-0.296154056866947,-0.0600397898220078,1,0,0.329479201130242,2.22501204981337
"335",2015,"Hungary","UK",340,57,22,103,182,0.192307692307692,1711448.78,3909511.996,2198063.216,1,0.564299987331139,0.423944593838251,0.542041684879135,1,0,0.587786664902119,0.652931747615258
"336",2015,"Hungary","USA",338,197,79,350,626,0.188498402555911,1872102.39,3590703.422,1718601.032,1,1.79503664415152,0.497077970397939,1.23705524785854,1,0,0.582605306160122,2.3286964904218
"337",2016,"Croatia","CN",347,6,0,4,10,0.6,645480.536,83844.599,-561635.937,1,1.04732539459913,-1.04212685641897,0.471344403881618,1,0,1.73460105538811,0.167654813979363
"338",2016,"Croatia","DE",344,101,0,49,150,0.673333333333333,3517263.8,1608276.765,-1908987.035,1,-0.221059331586089,0.356587530745613,0.342551662153551,1,0,4.14313472639153,3.39882031976345
"339",2016,"Croatia","FR",346,41,0,21,62,0.661290322580645,529453.511,320070.711,-209382.8,1,0.924872518609601,-0.985460609770731,0.173059149772214,1,0,4.61512051684126,1.17358369785554
"340",2016,"Croatia","RU",349,55,1,22,78,0.692307692307692,334198.396,209945.098,-124253.298,1,1.06974812938866,-1.09975421354944,-0.107224197529055,1,0,3.8642323415918,1.52413467253967
"341",2016,"Croatia","UK",345,22,0,11,33,0.666666666666667,234742.133,192094.641,-42647.492,1,0.780753640851989,-1.11836147461117,-0.471148625876246,1,0,3.89182029811063,0.579171175565073
"342",2016,"Croatia","USA",348,29,1,18,48,0.583333333333333,208873.429,505813.585,296940.156,1,1.21150930714242,-0.859917703004647,1.34466250045081,1,0,3.19184715248028,2.33192604898569
"343",2016,"Czechia","CN",350,152,146,201,499,0.0120240480961924,17648830.336,1913741.001,-15735089.335,1,-0.612765441166231,0.639937638392663,0.885718534403575,0,0,0.0209212651606397,7.44986263029542
"344",2016,"Czechia","DE",355,122,270,206,598,-0.247491638795987,37779178.409,52492419.079,14713240.67,1,0.809302352722676,0.818191987547622,0.832448684121238,0,0,-0.70631313974225,9.63131411872447
"345",2016,"Czechia","FR",351,73,48,140,261,0.0957854406130268,4523591.937,8392963.815,3869371.878,1,1.06958196250909,0.567300766291541,0.8593397985886,0,0,0.567609435616168,2.59304610888736
"346",2016,"Czechia","RU",352,82,64,69,215,0.0837209302325581,3411413.128,3074515.354,-336897.774,1,1.14826623097699,-0.363182205878297,0.289392669405531,0,0,0.334578296661142,2.61362583991027
"347",2016,"Czechia","UK",354,93,158,131,382,-0.170157068062827,3809269.324,8519963.103,4710693.779,1,0.886265328636883,1.44611129581514,1.08758820549343,0,0,-0.5537276453102,4.66130907669037
"348",2016,"Czechia","USA",353,105,84,167,356,0.0589887640449438,3273747.64,3492140.647,218393.007,1,1.1249767012915,0.618891900697194,0.79087846006139,0,0,0.0245914031373221,4.2394245907206
"349",2016,"Hungary","CN",358,38,32,50,120,0.05,4866965.63,2244571.155,-2622394.475,1,0.143357786627701,0.323489507627422,1.24893294596246,1,0,0.225246601510988,0.702530867449989
"350",2016,"Hungary","DE",361,85,113,132,330,-0.0848484848484849,24936485.961,28293698.112,3357212.151,1,0.676125234040704,0.688317516985277,0.717494387207402,1,0,-0.22051542890794,2.41670618402796
"351",2016,"Hungary","FR",356,47,4,69,120,0.358333333333333,3963012.795,4928435.577,965422.782,1,0.824449538881908,0.686102773222852,0.799430980654178,1,0,0.274042679358462,1.31022006779423
"352",2016,"Hungary","RU",359,154,50,97,301,0.345514950166113,2636732.164,1595367.236,-1041364.928,1,1.01111363412103,-0.692354338638976,-0.160357125563054,1,0,0.627077433048599,2.06895340464022
"353",2016,"Hungary","UK",357,88,42,128,258,0.178294573643411,1805756.38,4004619.627,2198863.247,1,0.564985551050777,0.595142117680864,0.59983195378808,1,0,0.570544858467613,1.08892284454748
"354",2016,"Hungary","USA",360,96,40,219,355,0.157746478873239,1969667.746,3534177.601,1564509.855,1,1.54551474275303,0.652296729585337,1.18784529572264,1,0,0.18168278321746,1.86170679874247
"355",2017,"Croatia","CN",364,34,0,11,45,0.755555555555556,777789.766,125966.236,-651823.53,1,0.84216393102371,-0.728604422799006,1.43463240514093,1,1,4.17438726989564,0.348661220155788
"356",2017,"Croatia","DE",363,271,5,118,394,0.6751269035533,3871410.768,1939862.765,-1931548.003,1,-0.286789750327511,0.897754627169567,1.06381824792019,1,1,3.86702563949741,4.10469345547042
"357",2017,"Croatia","FR",366,71,1,35,107,0.654205607476635,600399.515,409740.123,-190659.392,1,1.02637016050216,-0.523189769969071,0.974155899799784,1,1,3.32708940950843,1.22031427054526
"358",2017,"Croatia","RU",362,119,0,55,174,0.683908045977011,338616.079,200941.958,-137674.121,1,1.05489799632988,-1.0947811461842,-0.202338473605387,1,1,4.17438726989564,1.88594023629722
"359",2017,"Croatia","UK",365,65,0,24,89,0.730337078651685,298568.007,237114.52,-61453.487,1,0.576044680018951,-0.401652613561915,0.289944153076806,1,1,3.76120011569356,0.744867152151002
"360",2017,"Croatia","USA",367,71,1,47,119,0.588235294117647,158900.222,606108.121,447207.899,1,1.87886791043521,-1.18509378428387,2.3035777561535,1,1,3.72240214615258,2.62288326980832
"361",2017,"Czechia","CN",373,26,32,14,72,-0.0833333333333333,20498182.473,2414363.075,-18083819.398,1,-0.855998714467917,0.907999470714797,1.38666089950781,0,1,-0.491594261838103,1.33002999087234
"362",2017,"Czechia","DE",370,81,103,103,287,-0.0766550522648084,42065680.401,59413682.174,17348001.773,1,1.13307707618599,1.11564876532684,1.14598161889811,0,1,-0.212332635209994,5.8938583909245
"363",2017,"Czechia","FR",368,77,51,214,342,0.0760233918128655,5117421.552,9284496.883,4167075.331,1,1.21790846088021,0.892141799863634,1.09997359568699,0,1,0.0697957619355419,2.4775068457426
"364",2017,"Czechia","RU",371,64,26,47,137,0.277372262773723,4953432.149,3539595.373,-1413836.776,1,0.278205770023214,0.283209547957849,0.531944393458615,0,1,0.806224325178916,2.20367714173947
"365",2017,"Czechia","UK",369,61,52,117,230,0.0391304347826087,4258895.441,9026391.182,4767495.741,1,0.910614910362353,1.86162246135948,1.23922380069087,0,1,-0.0279738520424062,3.39027252575303
"366",2017,"Czechia","USA",372,148,69,158,375,0.210666666666667,3964310.213,3763336.76,-200973.453,1,-0.116444130169513,1.13550159104807,0.968531408270842,0,1,0.54595547105699,5.2940409440605
"367",2017,"Hungary","CN",377,38,38,49,125,0,5291354.643,2663851.719,-2627502.924,1,0.14079014376306,0.478090023128113,1.695272220714,1,1,0.0296317976063711,1.39441097316064
"368",2017,"Hungary","DE",379,77,86,112,275,-0.0327272727272727,27675683.525,31009859.837,3334176.312,1,0.661528374351787,0.977240982403174,0.974164275343845,1,1,-0.0941288447584938,2.52864030701433
"369",2017,"Hungary","FR",375,35,4,41,80,0.3875,4198134.089,4977767,779632.911,1,0.519362309169235,0.849464301222999,0.825906729496767,1,1,0.486655262838178,0.585408688440618
"370",2017,"Hungary","RU",376,308,122,130,560,0.332142857142857,3574317.401,1919343.91,-1654973.491,1,0.618263616560067,-0.323172283851951,0.129840246363501,1,1,0.760191683188942,3.29292387247847
"371",2017,"Hungary","UK",374,53,26,79,158,0.170886075949367,2072693.749,3946512.975,1873819.226,1,0.286448359263528,1.07971617739463,0.564524597173567,1,1,0.500381664604907,0.76428356546414
"372",2017,"Hungary","USA",378,123,54,178,355,0.194366197183099,2219097.214,3188604.891,969507.677,1,0.582019767367133,1.04911927105931,0.886998422245609,1,1,0.111225635110224,2.47579091153011
"373",2018,"Croatia","CN",380,37,1,28,66,0.545454545454545,952397.644,158419.657,-793977.987,1,0.518786673889367,-0.314850319326574,2.17681607310039,1,0,4.57471097850338,0.636542366326103
"374",2018,"Croatia","DE",382,246,5,115,366,0.658469945355191,4288523.819,2279042.523,-2009481.296,1,-0.513845078041633,1.53513932642303,1.80160279254455,1,0,3.53713815010999,3.92400167595965
"375",2018,"Croatia","FR",385,60,1,43,104,0.567307692307692,729925.876,446108.733,-283817.143,1,0.521371708803941,0.320779675807228,1.29906909621976,1,0,3.53222564406856,1.09581976987785
"376",2018,"Croatia","RU",384,105,4,69,178,0.567415730337079,450266.191,174791.676,-275474.515,1,0.902421938307746,-0.969094552485127,-0.478604880839079,1,0,3.02529107579554,2.00631707867341
"377",2018,"Croatia","UK",381,41,3,17,61,0.622950819672131,349253.733,258321.594,-90932.139,1,0.255160609929666,0.167503853498991,0.64846468317692,1,0,2.8094026953625,0.483449898475521
"378",2018,"Croatia","USA",383,92,3,51,146,0.60958904109589,213830.832,403917.637,190086.805,1,0.736959668897613,-0.827659839688773,0.370436157437598,1,0,2.51043995179317,2.41724949237761
"379",2018,"Czechia","CN",390,35,22,16,73,0.178082191780822,26052061.135,2583493.944,-23468567.191,1,-1.41364041720258,1.43049820693559,1.55589997610712,0,0,0.181048482147157,1.91489835452339
"380",2018,"Czechia","DE",387,114,168,96,378,-0.142857142857143,46370434.646,65641693.394,19271258.748,1,1.36941804634852,1.41437213679358,1.42811027212624,0,0,-0.364561650511004,6.27908530204182
"381",2018,"Czechia","FR",389,71,26,331,428,0.105140186915888,6019410.17,10274863.192,4255453.022,1,1.26194138461037,1.3855542325551,1.36728348469381,0,0,0.805625163986636,4.74271336643584
"382",2018,"Czechia","RU",388,185,114,130,429,0.165501165501166,5849601.232,4118115.285,-1731485.947,1,0.0215765796711268,0.658870481711078,0.833658069217794,0,0,0.333095281111483,6.10095522255127
"383",2018,"Czechia","UK",391,45,67,77,189,-0.116402116402116,3847170.053,9398882.546,5551712.493,1,1.2467890357087,1.48113634326311,1.35075582671436,0,0,-0.381613892285984,2.19322660372737
"384",2018,"Czechia","USA",386,123,71,193,387,0.134366925064599,4664304.958,4179060.406,-485244.552,1,-0.95795173209103,1.65916748694319,1.24086027956364,0,0,0.339769848842769,4.5089176371045
"385",2018,"Hungary","CN",397,33,40,97,170,-0.0411764705882353,6377348.262,2371480.673,-4005867.589,1,-0.552012739648382,0.873706234162921,1.38403270275249,1,0,-0.0178576174000065,1.25002367469081
"386",2018,"Hungary","DE",396,88,81,77,246,0.0284552845528455,30458352.546,33803393.819,3345041.273,1,0.668413051364962,1.27074970452846,1.23814563111724,1,0,0.221284238724026,3.41546872731175
"387",2018,"Hungary","FR",392,20,3,45,68,0.25,4375868.163,5378675.793,1002807.63,1,0.88583953634603,0.972953371108483,1.04107101762715,1,0,0.351397886837889,0.845975618225093
"388",2018,"Hungary","RU",393,210,67,155,432,0.331018518518519,4604945.123,1840033.183,-2764911.94,1,-0.0923512044740268,0.0826460301670347,0.0587988215077579,1,0,0.503956116869473,4.5202876317102
"389",2018,"Hungary","UK",395,57,23,77,157,0.21656050955414,2166944.864,4557708.687,2390763.823,1,0.729429269710643,1.2508111634552,0.935905570299413,1,0,0.76432345902784,1.31946943439585
"390",2018,"Hungary","USA",394,86,55,137,278,0.111510791366906,2145351.609,3541174.219,1395822.61,1,1.27235723345533,0.931795850401426,1.19393637464555,1,0,-0.0263173083173734,2.77151713731952
"391",2019,"Croatia","CN",399,69,2,40,111,0.603603603603604,804120.607,120453.512,-683667.095,1,0.769725226501915,-0.666210367980757,1.30856083571322,1,0,3.17208366336144,1.20305025339838
"392",2019,"Croatia","DE",402,237,6,124,367,0.629427792915531,4328925.054,2247531.149,-2081393.905,1,-0.723359399517467,1.59687589630069,1.73305918353273,1,0,4.23732194145123,4.52801591436556
"393",2019,"Croatia","FR",398,56,0,30,86,0.651162790697674,763913.495,485541.841,-278371.654,1,0.550891136701462,0.542236619005732,1.65136018364528,1,0,5.00394630594546,1.15568607019372
"394",2019,"Croatia","RU",401,90,0,35,125,0.72,330353.208,173586.782,-156766.426,1,1.03377237164584,-1.10408281271693,-0.491334064274938,1,0,3.82428409112014,1.58196371903567
"395",2019,"Croatia","UK",400,75,1,58,134,0.552238805970149,313127.776,269606.501,-43521.275,1,0.771242247813568,-0.238159114716443,0.839243988222514,1,0,3.8642323415918,1.16515890683465
"396",2019,"Croatia","USA",403,57,1,52,110,0.509090909090909,188665.241,461461.89,272796.649,1,1.10428485039318,-0.991412553507113,0.920616299651077,1,0,4.83892391641432,2.93657935868896
"397",2019,"Czechia","CN",407,110,116,90,316,-0.0189873417721519,28337633.065,2469651.02,-25867982.045,1,-1.6621225813052,1.64552062957827,1.44198421697313,0,0,0.42977569760878,2.46166420175917
"398",2019,"Czechia","DE",405,107,169,118,394,-0.157360406091371,44101048.38,63526531.285,19425482.905,1,1.38837000511517,1.25689073879572,1.3322935152047,0,0,-0.535737944145887,6.25632443371993
"399",2019,"Czechia","FR",409,50,36,110,196,0.0714285714285714,5549931.922,10242845.42,4692913.498,1,1.4798998258947,1.12873679626079,1.35864156402084,0,0,0.360282885314932,2.01408889234841
"400",2019,"Czechia","RU",404,136,76,147,359,0.167130919220056,5015050.421,4303006.082,-712044.339,1,0.845184819065117,0.309039023706211,0.93008358685307,0,0,0.219724744565424,4.84548921927298
"401",2019,"Czechia","UK",406,88,85,132,305,0.00983606557377049,2977093.955,8990745.019,6013651.064,1,1.44481055804117,0.677076436769173,1.228550563232,0,0,-0.0707365510917782,3.29843543239667
"402",2019,"Czechia","USA",408,76,65,142,283,0.03886925795053,4700917.268,4639264.969,-61652.2990000006,1,0.295978415111737,1.68655714701406,1.54232734888108,0,0,-0.146327954146049,3.31789522845801
"403",2019,"Hungary","CN",411,52,30,31,113,0.194690265486726,7157897.5,1666400.946,-5491496.554,1,-1.29872952423133,1.1580522253926,0.633449916398503,1,0,0.675342555926439,1.06036462483011
"404",2019,"Hungary","DE",414,85,74,86,245,0.0448979591836735,29633015.787,33827808.495,4194792.708,1,1.20686543710839,1.18369532054353,1.24045275152915,1,0,0.0256424306133377,3.4447204386746
"405",2019,"Hungary","FR",410,24,3,45,72,0.291666666666667,4218213.42,5281012.382,1062798.962,1,0.984351845914582,0.863415356602019,0.988655908078279,1,0,0.615760516944525,0.849463373482683
"406",2019,"Hungary","RU",415,299,94,144,537,0.381750465549348,4471450.876,2026859.49,-2444591.386,1,0.11272731439279,0.0300815501978321,0.226145756176714,1,0,0.326534916352155,4.95617940666448
"407",2019,"Hungary","UK",413,84,41,162,287,0.149825783972125,1957675.309,4025510.627,2067835.318,1,0.452704908948583,0.870922059802409,0.612525956310093,1,0,0.197359434158495,3.2631110277921
"408",2019,"Hungary","USA",412,90,42,225,357,0.134453781512605,2428021.833,3419215.158,991193.325,1,0.617135626869058,1.38150180369599,1.08776189635979,1,0,0.410427897450293,3.47987064723251
"409",2020,"Croatia","CN",417,43,1,40,84,0.5,1213404.45,96676.064,-1116728.386,1,-0.215415692819649,0.303636304837847,0.764789700727009,1,0,3.39002408106403,1.55065146271818
"410",2020,"Croatia","DE",420,104,1,65,170,0.605882352941176,3990133.514,2173258.142,-1816875.372,1,0.0473040728546519,1.0791732175789,1.57150037775229,1,0,4.56781439944432,4.3115674817042
"411",2020,"Croatia","FR",419,47,0,24,71,0.661971830985915,683951.178,515948.973,-168002.205,1,1.14919240805553,0.0212171767820851,1.92301418560148,1,0,4.65396035015752,1.53174107902649
"412",2020,"Croatia","RU",416,22,0,8,30,0.733333333333333,265226.294,201493.89,-63732.404,1,1.1367144643695,-1.1773973829593,-0.196507550991348,1,0,3.93182563272433,0.680773812900664
"413",2020,"Croatia","UK",418,8,1,6,15,0.466666666666667,308834.931,294304.587,-14530.344,1,1.08681732685577,-0.286364017490058,1.25678253621731,1,0,1.94591014905531,0.321476522758647
"414",2020,"Croatia","USA",421,46,2,36,84,0.523809523809524,198244.969,521256.739,323011.77,1,1.32729673801259,-0.92907718225986,1.49231437220149,1,0,3.00127245392961,2.91219908851951
"415",2020,"Czechia","CN",423,171,122,94,387,0.126614987080103,31037333.761,2604680.399,-28432653.362,1,-1.92771861943828,1.89950352831996,1.57709998590908,0,0,0.680375614880458,3.9283006150476
"416",2020,"Czechia","DE",422,140,225,150,515,-0.16504854368932,39942873.082,62861382.149,22918509.067,1,1.81761331615538,0.968339041422745,1.30216228658184,0,0,-0.456080972188675,8.27786671160165
"417",2020,"Czechia","FR",424,80,25,96,201,0.27363184079602,4988665.009,9024330.841,4035665.832,1,1.15243555271286,0.821708450884753,1.02975214814948,0,0,1.06830693917278,2.62237762237762
"418",2020,"Czechia","RU",425,185,117,144,446,0.152466367713004,2941821.991,4288708.874,1346886.883,1,2.5085981087302,-0.560027922109796,0.922627208793651,0,0,0.231801614057324,7.34055101524981
"419",2020,"Czechia","UK",427,39,31,44,114,0.0701754385964912,2871516.888,7776496.131,4904979.243,1,0.96955065219206,0.579509928718835,0.864978003801063,0,0,0.329023412608222,1.52708737046086
"420",2020,"Czechia","USA",426,112,54,143,309,0.187702265372168,4301515.762,4507676.436,206160.674,1,1.0887661922213,1.38776497899378,1.45612740088254,0,0,0.333238604054148,3.88617406689696
"421",2020,"Hungary","CN",429,169,118,113,400,0.1275,9017060.378,2062772.328,-6954288.05,1,-2.03396758712708,1.83532597785554,1.05540154107277,1,0,0.456662886950487,2.9149110952116
"422",2020,"Hungary","DE",428,101,95,144,340,0.0176470588235294,27893045.486,33478028.692,5584983.206,1,2.08777173447281,1.00016775915251,1.20739951243736,1,0,0.0422895995663386,3.38306348323043
"423",2020,"Hungary","FR",432,94,7,103,204,0.426470588235294,4276368.023,5067926.015,791557.992,1,0.538944592674825,0.903820989986811,0.874294294498394,1,0,0.730887508542792,1.37795797228185
"424",2020,"Hungary","RU",430,179,65,138,382,0.298429319371728,2589051.134,1881814.097,-707237.037,1,1.22503201101785,-0.711129144315403,0.0962234647383672,1,0,0.514940855911097,2.28334702458242
"425",2020,"Hungary","UK",431,62,16,106,184,0.25,1695230.354,3714617.836,2019387.482,1,0.411188919372484,0.394503123884348,0.423618107330633,1,0,0.741266428904144,1.7003648055401
"426",2020,"Hungary","USA",433,61,20,142,223,0.183856502242152,2311730.165,3566932.607,1255202.442,1,1.04464911688786,1.19649096428704,1.21636097667969,1,0,0.0462510176507557,1.40004063209405
"427",2021,"Czechia","CN",434,93,45,47,185,0.259459459459459,35084744.217,2997803.146,-32086941.071,1,-2.30615476884869,2.28027649383255,1.97047424742526,0,1,0.963793065859158,3.26993575087177
"428",2021,"Czechia","DE",437,89,140,91,320,-0.159375,46932181.53,73620759.111,26688577.581,1,2.28090119799341,1.45335390289424,1.78956162236255,0,1,-0.488262216911018,6.04171722719667
"429",2021,"Czechia","FR",435,42,18,60,120,0.2,6065399.481,10469075.294,4403675.813,1,1.33579127565555,1.41071164293199,1.41970329639139,0,1,0.819027426448948,1.72438018112378
"430",2021,"Czechia","RU",438,309,172,182,663,0.206636500754148,6998958.346,4320792.748,-2678165.598,1,-0.743247177287229,1.14066412406234,0.939359811002051,0,1,0.624080971094889,11.8279707238565
"431",2021,"Czechia","UK",436,43,31,51,125,0.096,3274009.821,8713227.45,5439217.629,1,1.19856529856625,0.951464095505347,1.1454557596497,0,1,0.441125288507049,2.43967862662698
"432",2021,"Czechia","USA",439,71,43,87,201,0.139303482587065,5201778.994,5368655.804,166876.81,1,0.972476951756334,2.06125168056426,2.02013077608103,0,1,0.235652401005919,3.34657487003283
"433",2021,"Hungary","CN",441,308,116,327,751,0.255659121171771,9825403.731,2475922.648,-7349481.083,1,-2.2326021572947,2.12979707688787,1.49521495010111,1,1,1.08343958380478,6.45969621969129
"434",2021,"Hungary","DE",440,82,78,91,251,0.0159362549800797,33018771.372,37602910.253,4584138.881,1,1.45357802516295,1.54081605164104,1.59718958977082,1,1,-0.227250333266863,2.31070214535857
"435",2021,"Hungary","FR",442,51,3,97,151,0.317880794701987,4379904.49,5905251.018,1525346.528,1,1.74390539294988,0.975757798283115,1.32367939492512,1,1,1.2427461902519,1.59695192712559
"436",2021,"Hungary","RU",443,211,72,153,436,0.318807339449541,4269442.695,2067579.664,-2201863.031,1,0.268129054645708,-0.049460866216484,0.262620257051404,1,1,0.620218917548154,3.72793279451183
"437",2021,"Hungary","UK",444,22,10,42,74,0.162162162162162,1337334.807,4423533.372,3086198.565,1,1.32536221292257,-0.255188220617025,0.854376596722179,1,1,0.55206858230004,0.62645702607499
"438",2021,"Hungary","USA",445,67,88,120,275,-0.0763636363636364,2942947.104,4143667.681,1200720.577,1,0.95642590507778,2.20070715399323,1.71845196597523,1,1,-0.193259823193522,1.84856171628686
