"","year","country","log_senti","salience","import","export","balance","eu","n_balance","n_import","n_export","election_1","right_wing_gov"
"1",1994,"Czechia",-0.587786664902119,0.258205187055313,101833.624,85498.992,-16334.632,0,1.05415475824403,-1.04826800488039,-0.964805215000585,0,1
"2",1994,"Czechia",-0.159759219486868,6.19692448932752,3795427.584,4153086.72,357659.136,0,-0.990237028896322,-1.64515278438087,-1.4342129352168,0,1
"3",1994,"Czechia",0,0.45903144365389,547951.104,359271.776,-188679.328,0,-0.983590408633112,-1.73207798685247,-1.37884902366027,0,1
"4",1994,"Czechia",0.23638877806423,2.12302042689924,1256498.176,548103.616,-708394.56,1,0.875070987906186,-1.32755732265047,-1.06569619716406,0,1
"5",1994,"Czechia",-0.67116827384117,1.8935047050723,506686.336,302512.928,-204173.408,1,-0.122442714830636,-1.54866450600307,-1.36860001663067,0,1
"6",1994,"Czechia",0.143100843640673,0.77461556116594,452211.584,392569.248,-59642.336,1,-1.20499589771339,-1.79264328040248,-1.41731133299663,0,1
"7",1994,"Hungary",-0.587786664902119,1.12202862775899,99175,11720,-87455,0,1.41748605046671,-1.41336716542073,-1.12801759914039,0,0
"8",1994,"Hungary",-0.422856850820034,1.65098498084537,3402866,3017454,-385412,0,-1.69542110297365,-1.58299295141294,-1.67104186563169,0,0
"9",1994,"Hungary",0.676886659688165,1.31437639251767,497164,379665,-117499,0,-0.953826126457739,-1.72195795720453,-1.64185491817774,0,0
"10",1994,"Hungary",0.083381608939051,1.93950662798339,1745839,807038,-938801,1,1.07677803867061,-1.04315099786713,-0.866491519979575,0,0
"11",1994,"Hungary",0.341303163890879,1.90744866719028,451717,430467,-21250,1,-1.02232737439158,-1.76264276288886,-1.51416676561278,0,0
"12",1994,"Hungary",-0.769133087537867,0.705275137448507,571116,464736,-106380,1,-1.4104268205735,-1.64611283835771,-1.55110824480335,0,0
"13",1995,"Czechia",0.310154928303839,0.430890027289702,209513.776,94641.312,-114872.464,0,1.04392952938963,-1.03812575728702,-0.955719731774176,1,1
"14",1995,"Czechia",0.264301623807717,5.74520036386269,1879137.792,631930.304,-1247207.488,1,0.441635856393195,-1.0633679001255,-1.02192565245339,1,1
"15",1995,"Czechia",-0.665640534770112,7.97146550485948,8015698.432,8144916.992,129218.56,0,-1.0183141969229,-1.34334838661124,-1.24989784057192,1,1
"16",1995,"Czechia",-0.0555698511548108,1.72356010915881,1018422.4,570171.52,-448250.88,0,-1.11266861214989,-1.46481432455389,-1.32100146984895,1,1
"17",1995,"Czechia",-0.0400053346136991,2.20232680614736,853075.456,415505.856,-437569.6,1,-0.800914033773515,-1.282224034234,-1.29336596521675,1,1
"18",1995,"Czechia",-0.176930708159078,1.14904007277254,953369.984,687870.72,-265499.264,1,-1.29371896522162,-1.30961235647197,-1.32741559688137,1,1
"19",1995,"Hungary",0.251314428280906,0.194384572725558,126090,21879,-104211,0,1.40906403747609,-1.40356231009404,-1.11720297742518,0,0
"20",1995,"Hungary",-0.0153064212826755,3.30453773633448,1753588.992,802572.992,-951016,1,1.06895764101995,-1.0400993734833,-0.870490985654783,0,0
"21",1995,"Hungary",-0.35707972030532,2.89861701093699,3602394.88,3633420.032,31025.1520000002,0,-1.43154208050798,-1.5619471618656,-1.61283475260373,0,0
"22",1995,"Hungary",0.256107726853186,2.21255381308208,605937.984,513500,-92437.9840000001,0,-0.912673205127464,-1.64638213873823,-1.57002682908434,0,0
"23",1995,"Hungary",-0.14671570133974,4.22500586012315,474068.992,393596,-80472.992,1,-1.11822795648881,-1.72708251275657,-1.54626572699191,0,0
"24",1995,"Hungary",0.0755075525081451,0.468809851867521,441336.992,382928.992,-58408,1,-1.36931858506955,-1.88170196178308,-1.60081665348988,0,0
"25",1996,"Czechia",1.28519824424852,7.9987165383205,1162057.984,628185.088,-533872.896,0,-1.1552462209888,-1.3832183323167,-1.30508896595958,0,1
"26",1996,"Czechia",-0.158224005214894,1.74184085075174,1042892.416,551767.744,-491124.672,1,-1.39096212579942,-1.22332805386132,-1.36884809341494,0,1
"27",1996,"Czechia",-0.843178390091965,8.52585258525853,8262071.296,7891972.096,-370099.2,0,-1.07968433042394,-1.32572951414443,-1.26157708524653,0,1
"28",1996,"Czechia",0.646627164925052,0.595892922625596,298185.44,71415.744,-226769.696,0,1.03231800128768,-1.02977389341889,-0.978800909034196,0,1
"29",1996,"Czechia",-0.326396584632471,2.88778877887789,939904.192,463153.376,-476750.816,1,-0.914811913038426,-1.21543588169921,-1.26164082955671,0,1
"30",1996,"Czechia",-0.291910408561302,2.24605793912725,2059830.144,692735.616,-1367094.528,1,0.345195603665808,-0.986699138770036,-0.990175839940904,0,1
"31",1996,"Hungary",0.270453768491603,1.82628351305094,683476.992,479454.016,-204022.976,0,-1.09590793102267,-1.59250828235117,-1.58829901477586,0,0
"32",1996,"Hungary",-0.0500104205746614,0.409167344454036,525320,377849.984,-147470.016,1,-1.44563773641167,-1.72924677244039,-1.60390281214008,0,0
"33",1996,"Hungary",-0.289931792185796,3.00388708977231,3796622.08,3754592,-42030.0800000001,0,-1.47783416351157,-1.54146057979502,-1.60138433152402,0,0
"34",1996,"Hungary",1.29928298413026,0.474035338086993,191444,15197,-176247,0,1.37285682049159,-1.37975452577227,-1.12431620730027,0,0
"35",1996,"Hungary",-0.0267574491695493,2.54482128867754,566001.024,449439.008,-116562.016,1,-1.17666739516021,-1.58082592618073,-1.49765021460856,0,0
"36",1996,"Hungary",0.0359012915065444,2.91905971348306,1989187.968,752337.024,-1236850.944,1,0.885957810931312,-0.947330299661592,-0.91548911996425,0,0
"37",1997,"Czechia",0,2.75,1030327.36,583262.08,-447065.28,1,-0.828517511270952,-1.14588291323191,-1.18166888288767,1,1
"38",1997,"Czechia",0.100083458556983,2.07894736842105,1054879.616,688764.928,-366114.688,1,-1.33708359298835,-1.21177444468039,-1.32714338189424,1,1
"39",1997,"Czechia",-0.440761514897541,34.3421052631579,8671922.176,8131521.536,-540400.640000001,0,-1.10061573512346,-1.29641983178782,-1.25051635002053,1,1
"40",1997,"Czechia",0.743578034186837,0.789473684210526,377578.112,48360.204,-329217.908,0,1.02168699396631,-1.02229600523275,-1.00171311533914,1,1
"41",1997,"Czechia",0.990398704027877,3,1120710.528,724810.048,-395900.48,0,-1.08663611539391,-1.40670684821818,-1.278585768435,1,1
"42",1997,"Czechia",0.0856137527229917,3.43421052631579,1843298.688,771280.576,-1072018.112,1,0.582562746377243,-1.07857462958225,-0.949163177201824,1,1
"43",1997,"Hungary",-0.00787405643090588,2.61792440481489,793585.984,589136,-204449.984,1,-1.31898555582563,-1.21875626796195,-1.37603354158671,1,0
"44",1997,"Hungary",0.460815203191329,0.570707520249645,723342.016,630057.984,-93284.0319999999,1,-1.39920460476644,-1.36977543815215,-1.45065361449171,1,0
"45",1997,"Hungary",-0.419003776440963,2.94254703101193,5694905.856,7033150.976,1338245.12,0,-0.603210780942648,-1.34123452304153,-1.29156943432064,1,0
"46",1997,"Hungary",0.0976384695639161,0.340330172625935,287950.016,15251,-272699.016,0,1.32437746194996,-1.34459838514306,-1.12425872235366,1,0
"47",1997,"Hungary",0.633904346997085,1.67547161908153,924582.976,706099.968,-218483.008,0,-1.11965288052229,-1.4249886107547,-1.46666008898729,1,0
"48",1997,"Hungary",0.356165476321361,5.2410846584394,1833489.024,947353.984,-886135.04,1,1.11049631536758,-1.00863806540459,-0.740805527548871,1,0
"49",1998,"Czechia",0.227389842195661,1.91981931112366,1151128.704,930451.584,-220677.12,1,-1.27440089734501,-1.11900679695842,-1.25356907932404,0,1
"50",1998,"Czechia",0.969400557188103,0.470543948804818,519306.72,45277.192,-474029.528,0,1.00665995384149,-1.00894677970974,-1.00477696060082,0,1
"51",1998,"Czechia",-0.123444191091122,5.45830980613589,1118473.728,620919.104,-497554.624,1,-0.975287565755135,-1.07808124592016,-1.15659571654127,0,1
"52",1998,"Czechia",0.793951879681911,6.86994165255035,1332937.088,940012.864,-392924.224,1,-1.0851561004434,-1.28614593803115,-1.21955792779946,0,1
"53",1998,"Czechia",0.778209619103794,5.00658761528327,1593678.336,681875.584,-911802.752,1,0.7114441484805,-1.18448992143121,-0.99584646259768,0,1
"54",1998,"Czechia",-0.458717266981048,12.497647280256,10953738.24,11498596.352,544858.112,0,-0.967228782307261,-1.13324022843536,-1.09504813842333,0,1
"55",1998,"Hungary",0.108213584640233,0.51082498234649,872459.008,809163.008,-63296,1,-1.37350721708704,-1.09908188012227,-1.34182399281916,0,1
"56",1998,"Hungary",0.23638877806423,0.150242641866615,434099.008,18850,-415249.008,0,1.25272802983986,-1.29135782327417,-1.12042745711564,0,1
"57",1998,"Hungary",-0.0976384695639161,1.84798449495936,985817.984,1034347.008,48529.024,1,-0.9093332686602,-0.912930370948756,-0.988444082354356,0,1
"58",1998,"Hungary",-1.17364747461102,2.08837272194594,1229133.056,864875.008,-364258.048,1,-1.35903139386899,-1.21338818284378,-1.38144689573495,0,1
"59",1998,"Hungary",0.619039208406224,1.69022972099941,1533264,643283.008,-889980.992,1,1.1080340252337,-1.12685418793384,-1.01317266134549,0,1
"60",1998,"Hungary",-0.367724780125317,2.74944034615905,7233585.152,8356772.864,1123187.712,0,-0.73948377753888,-1.17893861557952,-1.16649076952651,0,1
"61",1999,"Czechia",0.135341347869762,1.60168860193693,1093514.603,904914.226,-188600.377,1,-1.26057601876412,-1.17453692962197,-1.26134316720887,0,0
"62",1999,"Czechia",0.510825623765991,0.658058107772535,564735.819,58689.854,-506045.965,0,1.00333762181142,-1.00466787443849,-0.991447683609591,0,0
"63",1999,"Czechia",0.291520848758947,2.14800099329526,1541327.056,1044976.011,-496351.045,1,-1.13658757722608,-1.16776450539649,-1.19076765437795,0,0
"64",1999,"Czechia",0.402877784543213,3.33995530171343,1177306.614,653242.865,-524063.749,1,-1.05234829604662,-1.03282733638231,-1.13507359528988,0,0
"65",1999,"Czechia",-0.951287573911251,7.21380680407251,9770483.614,11293301.152,1522817.538,0,-0.847029772097371,-1.21785836378023,-1.10452724991851,0,0
"66",1999,"Czechia",0.587786664902119,1.89967717904147,1389652.849,384866.107,-1004786.742,1,0.636645408806881,-1.27105906063437,-1.15093151847538,0,0
"67",1999,"Hungary",-0.653926467406664,0.769522254933396,852992,1119770,266778,1,-1.09065972843262,-1.13442053327667,-1.15308980394341,0,1
"68",1999,"Hungary",0,0.769522254933396,610175,70780,-539395,0,1.19032893952251,-1.22721516572027,-1.0651461001247,0,1
"69",1999,"Hungary",0.409121419311275,1.45742851313143,1313590,1123372,-190218,1,-1.07323865491294,-1.15470776650488,-1.24271379175056,0,1
"70",1999,"Hungary",-0.130798403768454,2.51843647069111,967904,1297182,329278,1,-0.454712701337273,-0.941430101617323,-0.759626576528851,0,1
"71",1999,"Hungary",-0.179855464298761,2.33771533506282,8188800,9599872,1411072,0,-0.557063395169477,-1.07818502710897,-1.04902128556947,0,1
"72",1999,"Hungary",0.189963136180921,2.47179875827091,1631062,356233,-1274829,1,0.861643156824161,-1.08834540476487,-1.27029351175924,0,1
"73",2000,"Czechia",-0.537142932083364,1.83064838237252,1330436.147,1246422.548,-84013.5990000002,1,-1.21549976189429,-0.946185110521736,-1.15738113211384,0,0
"74",2000,"Czechia",0.302280871872934,0.981893223272534,1597391.139,1168312.831,-429078.308,1,-1.10313458913586,-1.13591582031541,-1.15693767812218,0,0
"75",2000,"Czechia",0.771399377459693,2.21342031686859,1420801.481,818242.578,-602558.903,1,-1.2805298709414,-0.845532518240138,-1.02521187995206,0,0
"76",2000,"Czechia",-0.920725328942021,7.02303288510185,10379564.209,11752223.351,1372659.142,0,-0.865485436099433,-1.1743011588548,-1.08333739895299,0,0
"77",2000,"Czechia",0.28312625591592,1.46451870589802,2079208.618,386505.014,-1692703.604,1,0.0832671952259063,-0.978476745392042,-1.1500757545912,0,0
"78",2000,"Czechia",-0.78845736036427,0.183064838237252,694820.049,66119.751,-628700.298,0,0.99060983392069,-0.992415417099351,-0.984063977442289,0,0
"79",2000,"Hungary",-0.573345980747325,0.445677816535241,1017082,1156318,139236,1,-1.19995320322301,-0.836546324969658,-1.13088213536965,0,1
"80",2000,"Hungary",0.542324290825362,1.25978262807295,1401018,1470547,69529,1,-0.646705753901466,-1.09396306989736,-1.05638796643581,0,1
"81",2000,"Hungary",-0.27827971977339,2.41854495106458,1223605,1475016,251411,1,-0.580803774651586,-0.534630049117369,-0.604808787537602,0,1
"82",2000,"Hungary",-0.282806392388297,2.73349060808281,8213042,10471263,2258221,0,-0.0202600649930905,-1.07562804372789,-0.966677208471809,0,1
"83",2000,"Hungary",0.356177307700545,2.00257898896502,2588598,455388,-2133210,1,0.31208271836595,-0.711307569630364,-1.1814768693198,0,1
"84",2000,"Hungary",0.719122666963206,0.213925351936916,938818,40640,-898178,0,1.00999502410035,-1.10749392963894,-1.09723121662204,0,1
"85",2001,"Czechia",0,2.32621253828558,1456901.731,1823588.972,366687.241,1,-1.02125047700582,-0.824293932233729,-0.981680008123201,1,0
"86",2001,"Czechia",0.615760516944525,2.0031274635237,1751471.385,1430236.895,-321234.49,1,-1.04950665425403,-1.048386461598,-1.0850946967162,1,0
"87",2001,"Czechia",-0.830157644303549,9.77009266079944,12013812.135,12736693.479,722881.344000001,0,-0.945348307809165,-1.05743112162806,-1.03788138192488,1,0
"88",2001,"Czechia",0.326091520566652,2.19697850838083,1451762.48,998206.234,-453556.246,1,-0.847386432076795,-0.821717500089447,-0.905386726397851,1,0
"89",2001,"Czechia",-0.0875558910243196,3.15331032967601,1997181.588,487367.118,-1509814.47,1,0.230387970783072,-1.01328126654724,-1.0974100780856,1,0
"90",2001,"Czechia",-0.847297860387204,0.258468059809509,1068089.261,80560.683,-987528.578,0,0.953374376148187,-0.957257695859462,-0.969712823089814,1,0
"91",2001,"Hungary",-0.157185583522412,0.532916268427607,992732,1314461,321729,1,-1.04357103817211,-0.880749122046115,-1.03478967254648,1,1
"92",2001,"Hungary",0.66168391110416,2.03898398354911,1579152,1818804,239652,1,-0.367345234939647,-0.970196132697794,-0.869481441062041,1,1
"93",2001,"Hungary",-0.474124256915563,3.77675442407391,8392524,10858885,2466361,0,0.111629655874092,-1.05669674716802,-0.930047984790652,1,1
"94",2001,"Hungary",-0.262570471293668,4.1822341935297,1424236,1525300,101064,1,-0.824262680216036,-0.215442007877333,-0.561032807119706,1,1
"95",2001,"Hungary",-0.277631736598279,2.07953196049469,2369318,472337,-1896981,1,0.463323382845412,-0.797650909711879,-1.16629505022135,1,1
"96",2001,"Hungary",-0.215111379616946,0.23749529353839,1333574,112698,-1220876,0,0.84779839315936,-0.963688413408505,-1.02052287804986,1,1
"97",2002,"Czechia",-0.0678225963387611,1.71938411970631,1456616.188,2741042.327,1284426.139,1,-0.625710666938394,-0.824569146814811,-0.702388665142226,0,0
"98",2002,"Czechia",0.124190380231384,4.41463490194864,1512896.929,1524845.386,11948.4569999999,1,0.505812980099232,-0.774693241842241,-0.554734718883291,0,0
"99",2002,"Czechia",0.397301797469003,5.2665819882896,2235029.404,2015192.95,-219836.454,1,-0.999084039656383,-0.773688540193272,-0.924647480294411,0,0
"100",2002,"Czechia",0.303380981994885,2.35447194770594,3262127.89,592707.09,-2669420.8,1,-0.702429517491536,-0.476557575245085,-1.04240625932269,0,0
"101",2002,"Czechia",-0.780420577726628,6.31989838594752,14882863.566,15442115.586,559252.02,0,-0.965459656259027,-0.852256532012942,-0.91296371315431,0,0
"102",2002,"Czechia",0.78845736036427,0.123919576195049,2151254.396,153821.833,-1997432.563,0,0.848577069793877,-0.855235839652641,-0.896907129406763,0,0
"103",2002,"Hungary",-0.160342650075179,0.308344270330956,1069007,1615087,546080,1,-0.851319855324907,-0.742286356255284,-0.852120235842495,0,0
"104",2002,"Hungary",-0.226452986215577,2.64069195616768,1379103,1199374,-179729,1,-1.27895453619027,-0.287245038641704,-0.844775751071718,0,0
"105",2002,"Hungary",0.306730267422475,1.04362676112016,1808097,1945066,136969,1,-0.535961919153754,-0.811125874144378,-0.801717715690425,0,0
"106",2002,"Hungary",0.389464766761723,2.41931658259673,2283973,454853,-1829120,1,0.506769965323604,-0.831256219631876,-1.1819560877526,0,0
"107",2002,"Hungary",0.0972989109867995,1.70775288183299,9144482,12162077,3017595,0,0.460923873191766,-0.977382164655235,-0.806899888791211,0,0
"108",2002,"Hungary",0.336472236621213,0.0632501067345551,2084885,154693,-1930192,0,0.491277232592704,-0.689993609011342,-0.975817686699303,0,0
"109",2003,"Czechia",-0.0347861160854155,2.08422095045081,1389384.474,2621505.803,1232121.329,1,-0.648253717753936,-0.889369012348048,-0.738777998879239,0,0
"110",2003,"Czechia",0,2.64845756134634,2339298.282,584525.768,-1754772.514,1,0.0333373498738698,-0.868119266729981,-1.04667817950631,0,0
"111",2003,"Czechia",1.50122432779387,2.65997259422176,2525374.276,2303960.266,-221414.01,1,-0.999868517357649,-0.608750456871107,-0.845441680730901,0,0
"112",2003,"Czechia",0.195060582571384,5.6193360432044,1594225.24,1189394.328,-404830.912,1,-0.705744268416678,-0.71213598383419,-0.778088008253966,0,0
"113",2003,"Czechia",-0.929089828792997,8.92415047844962,16685346.103,18025634.572,1340288.469,0,-0.869464049885428,-0.723355526328116,-0.793674686824331,0,0
"114",2003,"Czechia",-0.167054084663166,0.161210460255864,2681354.656,243341.505,-2438013.151,0,0.802858209842653,-0.805306414532326,-0.807943991123522,0,0
"115",2003,"Hungary",0.372675285285174,0.463805700321672,1292623,1970647,678024,1,-0.738254212338732,-0.336354008368265,-0.636071241695386,0,0
"116",2003,"Hungary",0.0296317976063711,0.932598558711318,2957333,653165,-2304168,1,0.202630443166547,-0.566115069151718,-1.00432101140294,0,0
"117",2003,"Hungary",0.960093354532548,1.12211056529437,2288787,2473362,184575,1,-0.457787675426002,-0.477143989481941,-0.518185813305517,0,0
"118",2003,"Hungary",-0.169761362120436,2.09959354661746,1530544,1349112,-181432,1,-1.28171222684041,-0.0463143940582033,-0.71441763008264,0,0
"119",2003,"Hungary",0.172558054526104,1.72555669151934,11682106,14595414,2913308,0,0.394841508821266,-0.709720156757938,-0.576956167163859,0,0
"120",2003,"Hungary",-0.987386653557885,0.294242326010523,3298099,178082,-3120017,0,-0.106760581119692,-0.248032332759697,-0.950919253064388,0,0
"121",2004,"Croatia",1.09861228866811,0.186083794964286,635628.168,7199.027,-628429.141,1,0.8953821945014,-1.06547321246896,-1.28147825724279,1,1
"122",2004,"Croatia",1.85813453817293,1.70338243082693,362680.3,211158.78,-151521.52,0,-0.780167361120993,0.140904909512474,-1.47252973104422,1,1
"123",2004,"Croatia",2.83321334405622,0.17176965689011,319570.286,95996.999,-223573.287,0,-1.18867852598317,-0.16581535011091,-2.09574698165182,1,1
"124",2004,"Croatia",2.56494935746154,0.400795866076924,1205679.762,115218.731,-1090461.031,0,0.000639819303982471,-0.118711540123736,-1.10796725190186,1,1
"125",2004,"Croatia",2.06801284585621,1.23101587437912,2568929.266,895157.559,-1673771.707,1,0.524570596124509,-1.26084408055793,-1.36985087986838,1,1
"126",2004,"Croatia",4.17438726989564,0.758649317931321,731934.797,184204.061,-547730.736,1,-0.909276352323186,0.333869427807428,-1.04075868759839,1,1
"127",2004,"Czechia",1.0277862360995,1.75113039387366,3181925.799,3068658.791,-113267.008,1,-0.946089816932554,-0.235779000341066,-0.635693018947926,0,0
"128",2004,"Czechia",-0.139112802462718,1.39829068764538,1961840.567,3097418.55,1135577.983,1,-0.689863304994199,-0.337619315023921,-0.593900540502737,0,0
"129",2004,"Czechia",0.652509534828119,4.28634902381015,2078718.681,1507846.986,-570871.695,1,-1.18841670653563,-0.339466481428743,-0.566052759066782,0,0
"130",2004,"Czechia",-0.37204911118832,1.96022059015708,2793452.493,945896.049,-1847556.444,1,-0.0413004563330407,-0.675419130634924,-0.857986792323992,0,0
"131",2004,"Czechia",-0.721878438600426,7.09599853636863,21227731.634,23835740.329,2608008.695,0,-0.71365112724557,-0.398515728363348,-0.525404214502462,0,0
"132",2004,"Czechia",1.09861228866811,0.16988578448028,3511679.744,270513.74,-3241166.004,0,0.719515380390228,-0.727099219714472,-0.780940682847663,0,0
"133",2004,"Hungary",1.0028453835761,1.3501667556702,2776299,3090910,314611,1,-0.244254382198637,-0.13842220089563,-0.18675313303916,0,0
"134",2004,"Hungary",-0.367724780125317,0.629741956935726,1614142,3097250,1483108,1,-0.0483604686453335,0.247302628725174,0.0484867652601612,0,0
"135",2004,"Hungary",-0.0423792229688614,2.06555361874918,990012,1651985,661973,1,0.0840247565884902,-0.906258023445283,-0.45074404569975,0,0
"136",2004,"Hungary",-0.289892018102584,0.906828417987446,3385003,908854,-2476149,1,0.092523213665333,-0.397716417871795,-0.77529132567153,0,0
"137",2004,"Hungary",-0.400103164966779,1.79350509335295,17678363,17539824,-138539,0,-1.5389878798563,-0.077250496757788,-0.298717438456413,0,0
"138",2004,"Hungary",0.367724780125317,0.231745040152347,2874298,390870,-2483428,0,0.213206047412538,-0.402418641223598,-0.724398756407571,0,0
"139",2005,"Croatia",1.22377543162212,0.240874857482376,873290.793,9034.787,-864256.006,1,0.358916111258641,-0.502303397554993,-1.23949590073581,0,1
"140",2005,"Croatia",1.62830639673848,2.21604868883786,401604.818,305131.821,-96472.997,0,-0.535689706175374,0.394187077873663,-0.574054238424427,0,1
"141",2005,"Croatia",3.29583686600433,0.30510815281101,347354.52,124786.285,-222568.235,0,-1.17773823005609,0.146177349045328,-1.60904381468387,0,1
"142",2005,"Croatia",2.00148000021012,0.465691391132594,777458.602,198553.967,-578904.635,1,-1.07826680732458,0.630493992713395,-0.912558191984551,0,1
"143",2005,"Croatia",2.10126058907448,2.0072904790198,2751126.674,936093.357,-1815033.317,1,0.112090569412582,-0.965381893355024,-1.27605536967375,0,1
"144",2005,"Croatia",2.66258782702545,0.433574743468277,1698596.898,112586.414,-1586010.484,0,-0.547685370161478,0.436174386007221,-1.13577654131182,0,1
"145",2005,"Czechia",1.3798634707896,2.58163385594719,3468969.475,4139348.423,670378.948,1,-0.556402998734287,-0.0727162487137919,-0.342014255154174,1,0
"146",2005,"Czechia",0.587786664902119,3.34787221501827,1986326.763,2074700.141,88373.378,1,0.727976488880796,-0.410533800805199,-0.188625072553433,1,0
"147",2005,"Czechia",0.0285733724440559,1.3910173287752,4360243.143,1401250.657,-2958992.486,1,-0.935368512236385,-0.010621217999334,-0.620220995962395,1,0
"148",2005,"Czechia",-0.670307688590123,4.53848874219026,22965404.164,26200642.941,3235238.777,0,-0.63655954959328,-0.274249483298531,-0.416209379287613,1,0
"149",2005,"Czechia",-0.270545790208794,2.71130496286691,1912178.171,3633630.549,1721452.378,1,-0.437355050820069,-0.385485365008283,-0.430666771170427,1,0
"150",2005,"Czechia",-0.093090423066012,0.695508664387599,3924155.192,298483.911,-3625671.281,0,0.679615431576165,-0.688248716236348,-0.753144399250032,1,0
"151",2005,"Hungary",1.48088277979581,1.54303732361294,3259322,3186557,-72765,1,-0.880368019939291,0.197180644753966,-0.135420213866179,1,0
"152",2005,"Hungary",-0.0745686954975085,1.48042131627793,1111367,1896403,785036,1,0.283302316469818,-0.713191823582427,-0.237959907966453,1,0
"153",2005,"Hungary",0.0692917804713919,1.68168705414048,4868346,1171082,-3697264,1,-0.689270063222085,0.18636233580631,-0.540404426235194,1,0
"154",2005,"Hungary",-0.0670354013361583,2.62092716416575,18206775,18731716,524941,0,-1.11856800861119,-0.0215149674133988,-0.186086889437569,1,0
"155",2005,"Hungary",0.634058264189939,0.818480667307735,1638712,3161244,1522532,1,-0.0145771976433405,0.291904793988769,0.0873714523212761,1,0
"156",2005,"Hungary",0.67347441496124,0.684303508732697,3587953,401960,-3185993,0,-0.139921880300235,-0.142441527043109,-0.712593051631343,1,0
"157",2006,"Croatia",0.989128055826421,1.93186072631973,372059.967,327181.456,-44878.511,0,-0.30655187907319,0.201938482137982,-0.363237854726557,0,1
"158",2006,"Croatia",2.51230562397611,0.554099588169225,2167824.84,123578.347,-2044246.493,0,-1.05472325494514,0.96439294881895,-1.01965152826365,0,1
"159",2006,"Croatia",2.26868354131836,1.13815050542868,849716.276,212745.256,-636971.02,1,-1.39303862401123,1.10131142792926,-0.785774763354485,0,1
"160",2006,"Croatia",3.13549421592915,0.254586297266941,1146398.31,17139.207,-1129259.103,1,-0.243920946744869,0.144857298412672,-1.05415432573563,0,1
"161",2006,"Croatia",2.12026353620009,0.344440284537626,406496.961,193041.96,-213455.001,0,-1.07853791324391,0.810295344966273,-0.455133530627655,0,1
"162",2006,"Croatia",1.62531126159039,1.73717708723325,3127137.863,1071445.428,-2055692.435,1,-0.590627454409379,-0.35561971542819,-0.965925430217228,0,1
"163",2006,"Czechia",0.847297860387204,1.09445113275692,4463305,5268095,804790,1,-0.489563867129603,0.492142343562771,-0.032411089621896,0,0
"164",2006,"Czechia",-0.157467432453252,4.505490496516,26583076.442,30366436.125,3783359.683,0,-0.569191120367109,-0.0155387411415235,-0.22386188135774,0,0
"165",2006,"Czechia",1.00097381910419,2.37131078764,5711362,400773,-5310589,0,0.504772237567134,-0.519914128936668,-0.651491229993852,0,0
"166",2006,"Czechia",-0.158224005214894,1.14917368939477,2456689,4548918,2092229,1,-0.277552611408458,0.139329880674602,-0.15203477313994,0,0
"167",2006,"Czechia",-0.148420005118273,2.35306993542738,5593601,1894521,-3699080,1,-1.53071415502266,0.51269932189941,-0.362657299747525,0,0
"168",2006,"Czechia",0.183519879286063,6.11068549122615,2178222.561,2183107.151,4884.58999999985,1,0.485278664096651,-0.262928682752927,-0.116444461710526,0,0
"169",2006,"Hungary",0.398639143037765,1.19805377386939,3672134,3463762,-208372,1,-1.10304950271855,0.484001110690994,0.0133533165043112,0,0
"170",2006,"Hungary",-0.321766089231517,1.97230621276457,21048974,21841723,792749,0,-0.948869140704977,0.278272822733482,0.107800304924378,0,0
"171",2006,"Hungary",1.29928298413026,0.334151052575816,3858845,762040,-3096805,0,-0.0950936101517835,-0.0437583812449558,-0.329274911340601,0,0
"172",2006,"Hungary",0.083381608939051,0.431951360646786,1883468,3324415,1440947,1,-0.0844891336391197,0.736212794039907,0.18651907979337,0,0
"173",2006,"Hungary",0.381014012244,1.18175372252423,6179246,1997876,-4181370,1,-0.999208779969369,0.702540211184175,0.200184218503605,0,0
"174",2006,"Hungary",-0.249067236324001,2.68950847195169,1293234,2026037,732803,1,0.198720721796509,-0.42385582118897,-0.125103821626992,0,0
"175",2007,"Croatia",2.28238238567653,0.84469368122199,1603371.838,19840.36,-1583531.478,1,-1.27731348131312,1.2277103434985,-0.99238112650157,0,1
"176",2007,"Croatia",0.451985123743057,1.6659236490767,2618796.766,157060.58,-2461736.186,0,-1.51667536412061,1.47206037715841,-0.665926233176148,0,1
"177",2007,"Croatia",0.924258901523332,2.20558905652409,3718997.308,1237038.619,-2481958.689,1,-1.83531322456528,0.604174872518945,-0.586504517631101,0,1
"178",2007,"Croatia",0.977251431663842,2.62793589713508,488636.798,347520.264,-141116.534,0,-0.73395746413571,0.96050490899408,-0.168778674278205,0,1
"179",2007,"Croatia",2.70805020110221,0.422346840610995,465624.027,240421.347,-225202.68,0,-1.20641496310435,1.47424069305573,0.345848393755618,0,1
"180",2007,"Croatia",1.48807705542983,0.65698397428377,932491.34,275649.788,-656841.552,1,-1.50075470546128,1.64065820142642,-0.223792533034906,0,1
"181",2007,"Czechia",-0.528293316806382,8.42778262133101,32771955.039,37191790.376,4419835.337,0,-0.490963188205952,0.427046781236048,0.09128573991814,0,1
"182",2007,"Czechia",0.439366659783846,0.710387807162001,9193963.453,696676.527,-8497286.926,0,0.174089951161791,-0.191892617550381,-0.357427301888756,0,1
"183",2007,"Czechia",-0.0192313619278876,2.970712648132,3187828.057,6081747.652,2893919.595,1,0.0679710951383518,0.844022796575836,0.314589551393856,0,1
"184",2007,"Czechia",0.293125744032957,7.08773289418451,5624593.417,2861906.788,-2762686.629,1,-0.777454975786188,0.525849575335714,0.142468262246813,0,1
"185",2007,"Czechia",1.21163567707151,2.5670832122445,5357723.159,6515459.981,1157736.822,1,-0.314052562559852,1.00024023355753,0.309727840905917,0,1
"186",2007,"Czechia",0.136575535005751,16.79098453292,2634215.701,2351013.15,-283202.551,1,-0.352176569640638,0.08781855591629,-0.00464765473274218,0,1
"187",2007,"Hungary",-0.619039208406224,1.63602406729381,25396652,26824553,1427901,0,-0.546399552984054,0.73685463909828,0.578664173938993,0,0
"188",2007,"Hungary",0.435318071257845,0.280883650107672,5128096,1014446,-4113650,0,-0.606187057242222,0.418616592868166,-0.0605796255201577,0,0
"189",2007,"Hungary",0.200670695462151,0.502633900192676,2370712,4277574,1906862,1,0.314763420868124,1.62071167119477,0.765687274225431,0,0
"190",2007,"Hungary",0.449402811139584,1.24672918381125,6491158,2959936,-3531222,1,-0.582965153953964,0.825358178584328,1.06193540629332,0,0
"191",2007,"Hungary",0.652655819205208,0.960917750368352,4133376,4485675,352299,1,-0.182366576089922,0.80447058674723,0.561805201360279,0,0
"192",2007,"Hungary",-0.486030965152774,1.68530190064603,1528247,2206633,678386,1,0.110602546747451,-0.0499687392527563,0.0321184948066696,0,0
"193",2008,"Croatia",1.11861295537478,1.70707215607517,630448.829,351408.658,-279040.171,0,-1.346494286156,1.88327699602119,-0.131601770376054,1,1
"194",2008,"Croatia",2.02438176449681,1.52058528188208,1000655.226,298386.679,-702268.547,1,-1.74700970726251,2.08480128276705,-0.0206636278756847,1,1
"195",2008,"Croatia",2.4567357728213,0.358628604217472,1885833.301,35263.636,-1850569.665,1,-1.88478002358403,1.89703632539421,-0.639663194126086,1,1
"196",2008,"Croatia",1.43508452528932,0.272557739205279,3200867.252,186208.465,-3014658.787,0,-2.12848390939825,2.12730787640057,-0.357991448097699,1,1
"197",2008,"Croatia",1.67195826941543,2.12308133696744,4115890.236,1518132.923,-2597757.313,1,-2.17344203054961,1.2478001242692,0.0575621659225856,1,1
"198",2008,"Croatia",1.22377543162212,0.229522306699182,580581.57,336011.6,-244569.97,0,-1.41723379029493,2.76511357185956,1.96186898094101,1,1
"199",2008,"Czechia",0.662056593489914,1.91794675082385,12442373.255,777529.291,-11664843.964,0,-0.154606093448864,0.114070699594674,-0.277077190414775,0,1
"200",2008,"Czechia",0.411507422564127,5.35281502275382,9141003.381,3988126.713,-5152876.668,1,-2.70018600182238,2.01788171379543,0.730529901772208,0,1
"201",2008,"Czechia",0.750776293396582,3.64409882656531,5784067.444,7887134.415,2103066.971,1,0.15603561321669,1.24243638022569,0.68596353056338,0,1
"202",2008,"Czechia",-0.317921957641499,5.5794814569421,38009386.326,44867594.936,6858208.61,0,-0.191267673090738,0.801591414119485,0.445701270527139,0,1
"203",2008,"Czechia",0.318720291162763,14.5763953062612,2922338.205,2541341.036,-380997.169,1,-0.63646074279448,0.309440689697646,0.122078311345644,0,1
"204",2008,"Czechia",0.646627164925052,2.23179258277684,3413120.81,7020774.288,3607653.478,1,0.375586000789337,1.06116645142915,0.600448237106927,0,1
"205",2008,"Hungary",0.716677677970139,1.02516756393808,6129649,1110516,-5019133,0,-1.06130698973124,0.783471962253669,0.04169035264506,0,0
"206",2008,"Hungary",-0.0886656370856563,1.34890468939221,10157294,3872211,-6285083,1,-2.34606692183206,2.26892999285414,1.87909240777021,0,0
"207",2008,"Hungary",0.873895172906469,1.22900205033513,4729529,5072915,343386,1,-0.197002694107513,1.21867579693917,0.876971839677649,0,0
"208",2008,"Hungary",-0.316911710766719,2.05033512787616,27776612,28909331,1132719,0,-0.733444194019015,0.987886656574175,0.775670019034361,0,0
"209",2008,"Hungary",0.343771539102825,2.68581911487872,1962557,2478477,515920,1,-0.152480817413017,0.640984095508372,0.268779015463784,0,0
"210",2008,"Hungary",0.131336002061087,0.75538662605964,2120250,5055838,2935588,1,1.19630079010504,1.16604551261722,1.23858398471285,0,0
"211",2009,"Croatia",1.2666713985415,2.5808593808956,542735.043,236203.474,-306531.569,0,-1.46858716254828,1.31252264748309,-1.23307761222685,0,1
"212",2009,"Croatia",2.83321334405622,0.558431561948172,2009412.822,154049.794,-1855363.028,0,-0.845723807753707,0.786065613657683,-0.697733883708157,0,1
"213",2009,"Croatia",1.49591408613711,2.61104487073064,2863084.705,1148521.837,-1714562.868,1,0.40546152481426,-0.783824070566511,-0.789321541705643,0,1
"214",2009,"Croatia",0.998528830111127,0.347133133102917,367773.756,222954.284,-144819.472,0,-0.331419357814335,0.375467548456556,0.0505553851089702,0,1
"215",2009,"Croatia",1.94591014905531,1.35834704257663,631762.918,209694.427,-422068.491,1,-0.228074428911336,-0.318831725450483,-0.813030537004365,0,1
"216",2009,"Croatia",2.10413415427021,0.40750411277299,1441495.746,41090.655,-1400405.091,1,-0.860732038938916,0.844125718988709,-0.506403950526175,0,1
"217",2009,"Czechia",0.60077386042893,0.401890270097978,10546001.99,843971.398,-9702030.592,0,0.0490742141021763,-0.064545939974857,-0.211048146509532,1,1
"218",2009,"Czechia",0.638488768022081,2.38362505023628,4055561.766,6351707.363,2296145.597,1,0.252048608437242,0.260513015859194,0.26481224166508,1,1
"219",2009,"Czechia",-0.416160397224912,4.50394268213251,27960029.4,36438816.833,8478787.433,0,0.00791438427583013,0.0829313507586764,0.0565186330056518,1,1
"220",2009,"Czechia",0.0574870909176816,5.52945578514115,2202265.753,1806036.392,-396229.361,1,-0.680739980206507,-0.244434801018667,-0.367509385608149,1,1
"221",2009,"Czechia",0.17958557697508,1.59370279521612,2279669.314,5574188.831,3294519.517,1,0.240627193083224,-0.031286799565558,0.160078388525058,1,1
"222",2009,"Czechia",0.515027310619691,2.64693246857634,5395162.601,2620266.351,-2774896.25,1,-0.787276712438837,0.428500814943839,0.0162944409500064,1,1
"223",2009,"Hungary",0.807091439909163,0.432698384916815,4949087,1214685,-3734402,0,-0.41556688639794,0.353405470922219,0.152582008265884,1,0
"224",2009,"Hungary",0.942958978956316,0.734128720476843,3384456,4497356,1112900,1,1.06662321413761,0.284123350354976,0.568074293217416,1,0
"225",2009,"Hungary",-0.240788015293919,1.60438726991628,19198627,21101987,1903360,0,-0.245120823312728,0.0831030129717763,0.037897266889888,1,0
"226",2009,"Hungary",0.0277795641070757,1.80858201336017,1523004,1858778,335774,1,-0.444193641758122,-0.0583099372741065,-0.270715282702418,1,0
"227",2009,"Hungary",-0.0615578929994333,0.515348638215532,1515060,4390645,2875585,1,1.14488293271024,0.0674380890976807,0.834392628644397,1,0
"228",2009,"Hungary",-0.198321898140396,1.03069727643106,5680583,2937919,-2742664,1,-0.0781074273387084,0.50618747041863,1.04221400024633,1,0
"229",2010,"Croatia",2.00148000021012,0.760305947113118,543211.568,162445.19,-380766.378,1,-0.00417998220163799,-0.895815693850885,-1.23515006871248,0,1
"230",2010,"Croatia",1.20682587330834,2.5850402201846,2508549.013,1218669.599,-1289879.414,1,1.64552556238281,-1.35876030127192,-0.628593146333913,0,1
"231",2010,"Croatia",1.47962630091211,1.59664248893755,435723.804,294269.835,-141453.969,0,-0.735456056886265,0.616199608802499,-0.677905599605548,0,1
"232",2010,"Croatia",1.91364928683709,0.805924303939905,1821833.599,230486.114,-1591347.485,0,-0.55359075874941,0.574904216993882,0.109782743017505,0,1
"233",2010,"Croatia",0.887303195000903,0.197679546249411,1440729.319,37695.204,-1403034.115,1,-0.866712622228403,0.842309579190813,-0.584055187280433,0,1
"234",2010,"Croatia",1.22377543162212,0.25850402201846,320595.867,175092.062,-145503.805,0,-0.33886853012847,-0.154298970555751,-0.758589205191859,0,1
"235",2010,"Czechia",0,4.614370468029,2797205.762,2320765.167,-476440.595,1,-0.913910115758744,0.2131895512481,-0.0247876612665068,0,1
"236",2010,"Czechia",-0.483978373729803,5.01335738819693,32057288.768,42212766.394,10155477.626,0,0.213992976361745,0.375938823644265,0.323119662431994,0,1
"237",2010,"Czechia",0.34754246037546,2.34187974881171,2543869.468,6443274.857,3899405.389,1,0.501329276698462,0.223356930818298,0.424645739055417,0,1
"238",2010,"Czechia",1.33500106673234,1.49186413628005,4151364.621,7100946.88,2949582.259,1,0.576985720355263,0.314936361350522,0.470320662183706,0,1
"239",2010,"Czechia",0.392042087776024,0.867362869930264,15332148.821,1214996.235,-14117152.586,0,-0.409081114591642,0.386254744056589,0.157670070873436,0,1
"240",2010,"Czechia",-0.167054084663166,1.59594768067169,6812628.584,3538199.508,-3274429.076,1,-1.18911390839484,1.02993944794203,0.495598052347347,0,1
"241",2010,"Hungary",0.241510428184285,2.20310433102713,1576169,1921384,345215,1,-0.428905704337129,0.0262713697648183,-0.216212080291259,0,1
"242",2010,"Hungary",-0.403442862727397,1.55121384862818,20989922,23805449,2815527,0,0.332881727923245,0.272044170699,0.29336706558942,0,1
"243",2010,"Hungary",0.278379679789467,0.675682105844174,1640926,5162439,3521513,1,1.69839248708766,0.295923890199335,1.30335797173353,0,1
"244",2010,"Hungary",0.822139300751049,1.27523101666365,3237860,4748050,1510190,1,1.71901672106107,0.18226891534702,0.702619598759162,0,1
"245",2010,"Hungary",0.347196199984189,0.409215923257739,6173901,1530089,-4643812,0,-0.872660633939125,0.799592506853952,0.488340936060433,0,1
"246",2010,"Hungary",0.019901154317295,1.30378096479791,6828202,3363961,-3464241,1,-0.540081973025718,0.958072081878902,1.42383489660238,0,1
"247",2011,"Croatia",1.30992138233532,1.29326047358834,523779.269,355451.125,-168328.144,0,-0.854807765606918,1.189177265488,-0.0929517757544665,0,1
"248",2011,"Croatia",2.26336437984076,1.74863387978142,2858432.77,1349254.453,-1509178.317,1,1.00517878049821,-0.791367925909534,-0.329386251561252,0,1
"249",2011,"Croatia",2.94443897916644,0.218579234972678,1604811.743,54692.458,-1550119.285,1,-1.20130641438603,1.2311223694001,-0.195341642444633,0,1
"250",2011,"Croatia",3.66356164612965,1.11111111111111,672196.637,381326.272,-290870.365,1,0.483136928002032,-0.0553732051026091,0.72030965296739,0,1
"251",2011,"Croatia",2.39789527279837,0.655737704918033,1639948.433,320466.506,-1319481.927,0,-0.252771672587523,0.370152725486813,1.06038662634539,0,1
"252",2011,"Croatia",3.04452243772342,0.29143897996357,335808.718,199744.759,-136063.959,0,-0.236112942610559,0.0165280691730274,-0.341817990226631,0,1
"253",2011,"Czechia",0.113023388403395,3.25426386982945,2944140.579,3134884.493,190743.914,1,1.02556263193496,0.326210947418921,0.51727719459195,0,1
"254",2011,"Czechia",-0.0449513878622663,1.90812259034176,2871823.026,7357285.88,4485462.854,1,0.753916432914542,0.53944803121099,0.702889166606112,0,1
"255",2011,"Czechia",0.928975891401471,2.45703456838528,4911601.102,8845136.854,3933535.752,1,1.06628028380764,0.74680880043988,0.948733397374717,0,1
"256",2011,"Czechia",0.714653385780909,0.627327974906881,18905320.565,1667836.481,-17237484.084,0,-0.73287658503224,0.722806948415201,0.607695060074858,0,1
"257",2011,"Czechia",-0.718641029386165,6.15565575377377,38938449.936,52221249.289,13282799.353,0,0.598365749096063,0.868031577181201,0.785242134167063,0,1
"258",2011,"Czechia",-0.253988226665308,1.90812259034176,8100370.332,5215405.295,-2884965.037,1,-0.875818907122073,1.57633537268418,1.37135984898285,0,1
"259",2011,"Hungary",0.337367491828724,2.03153808980014,1948962,2268366,319404,1,-0.470701801442652,0.619355526540176,0.0858616854664805,0,1
"260",2011,"Hungary",0.261758387441989,0.738741123563687,2072420,5072538,3000118,1,1.25159793087611,1.07921923811344,1.24873140906389,0,1
"261",2011,"Hungary",0.698749436108615,0.938816844528852,3693345,5183997,1490652,1,1.68693319432174,0.498738446095465,0.936588590099232,0,1
"262",2011,"Hungary",0.56376804303619,0.667945099222167,6079151,1687531,-4391620,0,-0.745902201131143,0.765076064639435,0.655943620585136,0,1
"263",2011,"Hungary",-0.356431605331862,2.34858115532956,24178676,27550353,3371677,0,0.685291011387662,0.608385684780888,0.647250297914888,0,1
"264",2011,"Hungary",-0.0454623740767573,1.70526076022618,8880717,3571730,-5308987,1,-1.72114192263321,1.7662670867467,1.60994094252039,0,1
"265",2012,"Croatia",2.97212240791486,2.99492858759168,2645561.299,1260669.253,-1384892.046,1,1.36809128292549,-1.13657300377079,-0.532360040656388,0,0
"266",2012,"Croatia",1.72645437082029,1.73040318394186,464209.94,361239.84,-102970.1,0,-0.56454418616533,0.801559137064653,-0.0376059179859537,0,0
"267",2012,"Croatia",4.81218435537242,1.15803905386878,649647.012,184042.187,-465604.825,1,-0.464080354629921,-0.202302327227127,-1.04220485226504,0,0
"268",2012,"Croatia",3.66356164612965,0.292837461897853,1583175.605,422368.26,-1160807.345,0,-0.0771983373496718,0.306242504187763,2.13693453769837,0,0
"269",2012,"Croatia",1.8803128665695,0.572364130073076,1487851.145,45866.13,-1441985.015,1,-0.955319307314008,0.95397034211821,-0.397192673485499,0,0
"270",2012,"Croatia",2.19722457733622,0.479188574014669,305550.137,193621.738,-111928.399,0,0.02660995010123,-0.323249387309223,-0.445331974981629,0,0
"271",2012,"Czechia",-0.137470990628603,2.48449009836256,3003996.201,3553700.312,549704.111,1,2.06904237434047,0.372251539466706,0.796137220766389,1,1
"272",2012,"Czechia",0.109698917256425,1.62726836851817,2665027.001,7503843.363,4838816.362,1,0.906209617550789,0.34013205641957,0.747504226355915,1,1
"273",2012,"Czechia",-0.482851771723585,0.958926002876778,15672785.744,1670839.572,-14001946.172,0,-0.397126194083095,0.418338874217444,0.610679481196399,1,1
"274",2012,"Czechia",-0.373513508301562,1.32215554942101,7903779.167,6033128.654,-1870650.513,1,-0.0598779260150327,1.49292065730112,1.79833838887305,1,1
"275",2012,"Czechia",1.19279950372781,2.06314382437125,4410729.106,7911709.278,3500980.172,1,0.851181607710975,0.462275216495656,0.692704153775318,1,1
"276",2012,"Czechia",-0.957155506228003,7.06118238481991,35674358.528,49142433.854,13468075.326,0,0.621137643285337,0.634606477907465,0.643083745751465,1,1
"277",2012,"Hungary",0.12334454731753,1.7542802666506,1902610.524,2453641.178,551030.654,1,-0.0956256663525235,0.545613996901064,0.247157576088747,0,1
"278",2012,"Hungary",0.10212949507638,0.666272101273359,1789767.224,4271671.597,2481904.373,1,0.807529561409118,0.566116843837258,0.762100795906157,0,1
"279",2012,"Hungary",0.419070760163943,0.418192063565194,5412282.799,1810642.365,-3601640.434,0,-0.34883737854958,0.522142896042964,0.78700010658951,0,1
"280",2012,"Hungary",-0.22543976357456,2.45953637384953,8283260.028,3286884.42,-4996375.608,1,-1.52099903310682,1.53101339047952,1.35479467627749,0,1
"281",2012,"Hungary",1.17587077180524,1.34317620416278,3404552.005,4741081.381,1336529.376,1,1.43384703769155,0.298085990776216,0.698879601102421,0,1
"282",2012,"Hungary",-0.281380854375052,4.09332062218473,23192912.486,25694396.139,2501483.653,0,0.133885430354176,0.50440990213179,0.471867427478874,0,1
"283",2013,"Croatia",3.0957336269342,4.64316104924341,3075973.738,1496969.466,-1579004.272,1,0.801288907067028,-0.438590513118258,0.00907069039798361,1,0
"284",2013,"Croatia",3.04452243772342,1.90536090865367,468249.267,219200.55,-249048.717,1,0.709847719758564,-1.38425597072307,-0.728103870588148,1,0
"285",2013,"Croatia",4.84418708645859,0.8046912575382,988554.972,377505.849,-611049.123,0,0.531108824354217,-0.363132927383318,1.66298258923329,1,0
"286",2013,"Croatia",2.59682456599199,1.72037441266788,222837.141,328225.29,105388.149,0,0.360801914475652,-0.769055710732035,-0.353257766209859,1,0
"287",2013,"Croatia",4.26267987704132,0.462466239964483,205918.889,273160.551,67241.662,0,1.97693041970159,-1.44202134927242,0.899327707928604,1,0
"288",2013,"Croatia",4.39444915467244,0.425468940767324,769746.958,76376.174,-693370.784,1,0.747650981352467,-0.747662811524405,0.300547523627296,1,0
"289",2013,"Czechia",0.510825623765991,1.35060174131153,3099848.764,3486952.077,387103.313,1,1.59636980442885,0.445980766602924,0.751694261081532,0,0
"290",2013,"Czechia",-0.093090423066012,1.71237006487712,2727493.498,7834643.542,5107150.044,1,1.02185978106056,0.400339068335589,0.848206486310326,0,0
"291",2013,"Czechia",0.902867711542014,7.30772013602489,4621357.912,7978846.427,3357488.515,1,0.77982692665099,0.58192848026701,0.711119158771796,0,0
"292",2013,"Czechia",0,1.2058944118853,7750046.384,5936747.596,-1813298.788,1,-0.01374270695089,1.42769098973701,1.74801251403411,0,0
"293",2013,"Czechia",0.510825623765991,0.434121988278706,15486206.127,1916664.908,-13569541.219,0,-0.352255716293405,0.40076519293689,0.854976548773816,0,0
"294",2013,"Czechia",-0.471019373365571,5.83652895352483,36880509.981,50566481.226,13685971.245,0,0.647918788899628,0.720862034956401,0.708836397608944,0,0
"295",2013,"Hungary",0.166473364553931,1.69628046990723,2129184.009,3292394.35,1163210.341,1,0.895685078829008,0.906074478452164,0.97735490392503,1,1
"296",2013,"Hungary",0.292987124681474,0.938585773087504,1832176.91,4195337.928,2363161.018,1,0.705775834195978,0.643103568450574,0.715718153294479,1,1
"297",2013,"Hungary",0.942741917961325,1.1365420452296,3767307.511,4798231.955,1030924.444,1,0.932010411245914,0.550127363730835,0.729551820783451,1,1
"298",2013,"Hungary",-0.26761913730585,1.8498672327761,8540719.077,3373891.857,-5166827.22,1,-1.63012710400614,1.63239005148312,1.43273031665469,1,1
"299",2013,"Hungary",0.535142931416697,0.501716758704956,5360437.378,1997306.55,-3363130.828,0,-0.228956082290345,0.503256146934428,0.985710860458336,1,1
"300",2013,"Hungary",-0.286088446616503,2.67923575226796,24748861.15,27888022.586,3139161.436,0,0.537955502435825,0.668527337808374,0.679159154470805,1,1
"301",2014,"Croatia",2.86747793803031,4.0080372250423,3463093.478,1548656.067,-1914437.411,1,-0.178166658636814,0.189185953876371,0.12749933593266,0,0
"302",2014,"Croatia",1.72180088062114,1.84010152284264,203575.171,291613.422,88038.251,0,0.283748759451207,-0.894393512692952,-0.703303543030372,0,0
"303",2014,"Croatia",3.69386699562498,1.74492385786802,531105.6,306584.902,-224520.698,1,0.842811552453757,-0.97469590807651,0.0525784025426844,0,0
"304",2014,"Croatia",2.66258782702545,0.30668358714044,588802.22,68086.998,-520715.222,1,1.14041307440839,-1.17643285733668,0.110980727324326,0,0
"305",2014,"Croatia",4.34380542185368,0.592216582064298,291934.003,201818.767,-90115.236,0,0.264052846912149,-0.476146688661242,-0.306755423481597,0,0
"306",2014,"Croatia",3.10009228887823,0.8248730964467,1158132.583,365275.195,-792857.388,0,0.329938081961103,-0.172236277909135,1.53377102514009,0,0
"307",2014,"Czechia",0.159276267676071,3.5078498137526,3724818.924,3856227.044,131408.12,1,0.853076379821204,0.926704134219066,0.997568514850311,0,0
"308",2014,"Czechia",0.151230969723923,1.37114650700427,4924285.899,8829539.861,3905253.962,1,1.05221648283519,0.754014734851943,0.944455308294333,0,0
"309",2014,"Czechia",0.0312525435041045,1.18832697273704,17426277.263,2038260.172,-15388017.091,0,-0.540958182950079,0.583497864135724,0.975815868714792,0,0
"310",2014,"Czechia",0.161969327945056,1.61109714573002,3282493.963,8871428.425,5588934.462,1,1.22950589653464,0.935264527812705,1.16382475810295,0,0
"311",2014,"Czechia",0.650041011374469,12.2603350167965,6248073.732,5452117.623,-795956.109,1,0.804634200787566,0.790395711082299,1.49496043232322,0,0
"312",2014,"Czechia",-0.823819159004266,5.30176649374986,40154997.483,55775424.319,15620426.836,0,0.885678803427251,0.955030590515724,0.949349338732822,0,0
"313",2014,"Hungary",0.37700558919979,3.9891111558677,2019511.732,3971164.63,1951652.898,1,2.17242064407245,0.731594566205479,1.56827516654394,0,1
"314",2014,"Hungary",0.802346472524937,0.864090852981113,4938423.761,5065487.228,127063.467,1,-0.552227884599186,1.36381521314273,0.872985418569707,0,1
"315",2014,"Hungary",0.0563529365511318,0.864090852981113,5140096.968,2156226.729,-2983870.239,0,-0.0383295838785318,0.422988421031652,1.15488711981446,0,1
"316",2014,"Hungary",-0.0322608622182214,0.747146226261865,1798762.022,4056711.297,2257949.275,1,0.615617635475374,0.582445190068787,0.631484425682958,0,1
"317",2014,"Hungary",0.556189773252143,6.49042678291829,7292483.517,2855657.654,-4436825.863,1,-1.16275904037471,1.14088682520202,0.968529601534524,0,1
"318",2014,"Hungary",-0.400526826467582,2.80667104126196,26343462.558,30899985.817,4556523.259,0,1.4360791461529,0.836721764824014,0.963781479590952,0,1
"319",2015,"Croatia",2.08406048753613,2.18493630704539,180635.715,299980.853,119345.138,0,0.422786719060178,-1.04366074720838,-0.623302602231966,0,0
"320",2015,"Croatia",1.97155257966865,0.632119937887345,477790.619,216043.098,-261747.521,0,0.917610849404861,-0.938109795400105,-0.042801467735508,0,0
"321",2015,"Croatia",3.04832472367316,4.76838300971541,3196302.929,1452601.728,-1743701.201,1,0.320378391653163,-0.2434575178277,-0.0925883665939324,0,0
"322",2015,"Croatia",2.09714111877924,0.714570364568303,231990.718,231293.264,-697.453999999998,0,1.23739253105091,-1.14925746376635,0.19153171829356,0,0
"323",2015,"Croatia",3.90533401727735,1.48410768025725,475740.793,301650.004,-174090.789,1,1.11618682923864,-1.33544259406811,0.00849056186946198,0,0
"324",2015,"Croatia",3.93182563272433,0.467219084525429,578390.765,77335.852,-501054.913,1,1.18513693979401,-1.20110403643072,0.32249458856384,0,0
"325",2015,"Czechia",0.177258254837408,3.84256585669228,3277159.311,3687821.356,410662.045,1,1.66485388651988,0.582366995455355,0.885439000077603,0,0
"326",2015,"Czechia",0.760450862456052,2.58762382835058,4287283.005,8044959.236,3757676.231,1,0.978829903104902,0.39214839403008,0.729253198214939,0,0
"327",2015,"Czechia",-0.284931039079891,1.8546488383457,3018323.573,8371819.837,5353496.264,1,1.12803348393179,0.680649484830715,1.01173380683344,0,0
"328",2015,"Czechia",-0.49783842823918,0.899560215005997,18998267.416,1849509.931,-17148757.485,0,-0.723669463647152,0.731561486353314,0.788239066701061,0,0
"329",2015,"Czechia",0.589644538172237,5.25298742836835,4194560.296,3199489.631,-995070.665,1,0.644461273819469,-0.0809213636155475,0.318738913940552,0,0
"330",2015,"Czechia",-0.542187078970042,7.67402603171783,36564620.718,50567277.256,14002656.538,0,0.686841936174071,0.69827183347045,0.708873152765048,0,0
"331",2015,"Hungary",0.582605306160122,2.3286964904218,1872102.39,3590703.422,1718601.032,1,1.79503664415152,0.497077970397939,1.23705524785854,0,1
"332",2015,"Hungary",0.464812664678766,1.12651743579972,4575680.282,4640837.949,65157.6670000004,1,-0.653883959408274,1.1117821965095,0.645079816556348,0,1
"333",2015,"Hungary",0.587786664902119,0.652931747615258,1711448.78,3909511.996,2198063.216,1,0.564299987331139,0.423944593838251,0.542041684879135,0,1
"334",2015,"Hungary",0.187462956294373,0.470783406005851,4776876.86,1796783.797,-2980093.063,0,-0.0364310743691105,0.290671103153734,0.772247161374966,0,1
"335",2015,"Hungary",0.329479201130242,2.22501204981337,3642933.658,1707361.623,-1935572.035,1,0.438616281785211,-0.296154056866947,-0.0600397898220078,0,1
"336",2015,"Hungary",-0.147053417956497,2.32028964388598,23774536.609,27340552.047,3566015.438,0,0.808435252483002,0.565758108408088,0.627424679049196,0,1
"337",2016,"Croatia",4.14313472639153,3.39882031976345,3517263.8,1608276.765,-1908987.035,1,-0.162251710208362,0.277031779979482,0.264107245397862,0,1
"338",2016,"Croatia",3.89182029811063,0.579171175565073,234742.133,192094.641,-42647.492,0,0.780753640851989,-1.11836147461117,-0.471148625876246,0,1
"339",2016,"Croatia",4.61512051684126,1.17358369785554,529453.511,320070.711,-209382.8,1,0.924872518609601,-0.985460609770731,0.173059149772214,0,1
"340",2016,"Croatia",3.19184715248028,2.33192604898569,208873.429,505813.585,296940.156,0,1.21150930714242,-0.859917703004647,1.34466250045081,0,1
"341",2016,"Croatia",3.8642323415918,1.52413467253967,334198.396,209945.098,-124253.298,0,1.06974812938866,-1.09975421354944,-0.107224197529055,0,1
"342",2016,"Croatia",1.73460105538811,0.167654813979363,645480.536,83844.599,-561635.937,1,1.04732539459913,-1.04212685641897,0.471344403881618,0,1
"343",2016,"Czechia",0.567609435616168,2.59304610888736,4523591.937,8392963.815,3869371.878,1,1.03437325269124,0.526389932540833,0.824707148174627,1,0
"344",2016,"Czechia",-0.5537276453102,4.66130907669037,3809269.324,8519963.103,4710693.779,1,0.850989573750087,1.44298581778342,1.0568316109771,1,0
"345",2016,"Czechia",0.0209212651606397,7.44986263029542,17648830.336,1913741.001,-15735089.335,0,-0.576973721874352,0.604459836487236,0.852070819374267,1,0
"346",2016,"Czechia",0.334578296661142,2.61362583991027,3411413.128,3074515.354,-336897.774,1,1.17391266361402,-0.413215025549816,0.253482939863268,1,0
"347",2016,"Czechia",0.0245914031373221,4.2394245907206,3273747.64,3492140.647,218393.007,1,1.10593719346716,0.579742758208062,0.755148965274565,1,0
"348",2016,"Czechia",-0.70631313974225,9.63131411872447,37779178.409,52492419.079,14713240.67,0,0.774178391109221,0.785128546153343,0.79776287831274,1,0
"349",2016,"Hungary",0.274042679358462,1.31022006779423,3963012.795,4928435.577,965422.782,1,0.824449538881908,0.686102773222852,0.799430980654178,0,1
"350",2016,"Hungary",0.570544858467613,1.08892284454748,1805756.38,4004619.627,2198863.247,1,0.564985551050777,0.595142117680864,0.59983195378808,0,1
"351",2016,"Hungary",0.225246601510988,0.702530867449989,4866965.63,2244571.155,-2622394.475,0,0.143357786627701,0.323489507627422,1.24893294596246,0,1
"352",2016,"Hungary",0.627077433048599,2.06895340464022,2636732.164,1595367.236,-1041364.928,1,1.01111363412103,-0.692354338638976,-0.160357125563054,0,1
"353",2016,"Hungary",0.18168278321746,1.86170679874247,1969667.746,3534177.601,1564509.855,1,1.54551474275303,0.652296729585337,1.18784529572264,0,1
"354",2016,"Hungary",-0.22051542890794,2.41670618402796,24936485.961,28293698.112,3357212.151,0,0.676125234040704,0.688317516985277,0.717494387207402,0,1
"355",2017,"Croatia",4.17438726989564,1.88594023629722,338616.079,200941.958,-137674.121,0,1.05489799632988,-1.0947811461842,-0.202338473605387,0,1
"356",2017,"Croatia",3.86702563949741,4.10469345547042,3871410.768,1939862.765,-1931548.003,1,-0.228129117971781,0.851337632654161,1.02386470861858,0,1
"357",2017,"Croatia",4.17438726989564,0.348661220155788,777789.766,125966.236,-651823.53,1,0.84216393102371,-0.728604422799006,1.43463240514093,0,1
"358",2017,"Croatia",3.76120011569356,0.744867152151002,298568.007,237114.52,-61453.487,0,0.576044680018951,-0.401652613561915,0.289944153076806,0,1
"359",2017,"Croatia",3.32708940950843,1.22031427054526,600399.515,409740.123,-190659.392,1,1.02637016050216,-0.523189769969071,0.974155899799784,0,1
"360",2017,"Croatia",3.72240214615258,2.62288326980832,158900.222,606108.121,447207.899,0,1.87886791043521,-1.18509378428387,2.3035777561535,0,1
"361",2017,"Czechia",-0.0279738520424062,3.39027252575303,4258895.441,9026391.182,4767495.741,1,0.875470869366846,1.87634844069427,1.21099855312882,0,0
"362",2017,"Czechia",0.0697957619355419,2.4775068457426,5117421.552,9284496.883,4167075.331,1,1.18241346202042,0.863730550418318,1.06924517438341,0,0
"363",2017,"Czechia",0.806224325178916,2.20367714173947,4953432.149,3539595.373,-1413836.776,1,0.307594923807784,0.241072148301505,0.496326910576752,0,0
"364",2017,"Czechia",-0.491594261838103,1.33002999087234,20498182.473,2414363.075,-18083819.398,0,-0.820700440069043,0.872836452951735,1.34958058233346,0,0
"365",2017,"Czechia",0.54595547105699,5.2940409440605,3964310.213,3763336.76,-200973.453,1,-0.113140602097761,1.11091942373435,0.935719401582717,0,0
"366",2017,"Czechia",-0.212332635209994,5.8938583909245,42065680.401,59413682.174,17348001.773,0,1.09801153622798,1.09166933437004,1.11733890622282,0,0
"367",2017,"Hungary",0.500381664604907,0.76428356546414,2072693.749,3946512.975,1873819.226,1,0.286448359263528,1.07971617739463,0.564524597173567,1,1
"368",2017,"Hungary",0.486655262838178,0.585408688440618,4198134.089,4977767,779632.911,1,0.519362309169235,0.849464301222999,0.825906729496767,1,1
"369",2017,"Hungary",0.760191683188942,3.29292387247847,3574317.401,1919343.91,-1654973.491,1,0.618263616560067,-0.323172283851951,0.129840246363501,1,1
"370",2017,"Hungary",0.0296317976063711,1.39441097316064,5291354.643,2663851.719,-2627502.924,0,0.14079014376306,0.478090023128113,1.695272220714,1,1
"371",2017,"Hungary",0.111225635110224,2.47579091153011,2219097.214,3188604.891,969507.677,1,0.582019767367133,1.04911927105931,0.886998422245609,1,1
"372",2017,"Hungary",-0.0941288447584938,2.52864030701433,27675683.525,31009859.837,3334176.312,0,0.661528374351787,0.977240982403174,0.974164275343845,1,1
"373",2018,"Croatia",2.8094026953625,0.483449898475521,349253.733,258321.594,-90932.139,0,0.255160609929666,0.167503853498991,0.64846468317692,1,1
"374",2018,"Croatia",3.53713815010999,3.92400167595965,4288523.819,2279042.523,-2009481.296,1,-0.455692195996931,1.52775304224844,1.8010216227039,1,1
"375",2018,"Croatia",2.51043995179317,2.41724949237761,213830.832,403917.637,190086.805,0,0.736959668897613,-0.827659839688773,0.370436157437598,1,1
"376",2018,"Croatia",3.02529107579554,2.00631707867341,450266.191,174791.676,-275474.515,0,0.902421938307746,-0.969094552485127,-0.478604880839079,1,1
"377",2018,"Croatia",3.53222564406856,1.09581976987785,729925.876,446108.733,-283817.143,0,0.521371708803941,0.320779675807228,1.29906909621976,1,1
"378",2018,"Croatia",4.57471097850338,0.636542366326103,952397.644,158419.657,-793977.987,1,0.518786673889367,-0.314850319326574,2.17681607310039,1,1
"379",2018,"Czechia",0.805625163986636,4.74271336643584,6019410.17,10274863.192,4255453.022,1,1.22636139659701,1.37612903986479,1.34089210607809,0,0
"380",2018,"Czechia",0.333095281111483,6.10095522255127,5849601.232,4118115.285,-1731485.947,1,0.0520696699531148,0.621321632013289,0.798404116277767,0,0
"381",2018,"Czechia",0.339769848842769,4.5089176371045,4664304.958,4179060.406,-485244.552,1,-0.939502788314884,1.64935126043196,1.21252056702507,0,0
"382",2018,"Czechia",-0.381613892285984,2.19322660372737,3847170.053,9398882.546,5551712.493,1,1.21346345725188,1.4795156337987,1.32439245237547,0,0
"383",2018,"Czechia",-0.364561650511004,6.27908530204182,46370434.646,65641693.394,19271258.748,0,1.33439515156855,1.39951539668477,1.40490536051711,0,0
"384",2018,"Czechia",0.181048482147157,1.91489835452339,26052061.135,2583493.944,-23468567.191,0,-1.37947342491247,1.3959487577479,1.51765998377287,0,0
"385",2018,"Hungary",0.351397886837889,0.845975618225093,4375868.163,5378675.793,1002807.63,1,0.88583953634603,0.972953371108483,1.04107101762715,0,1
"386",2018,"Hungary",0.503956116869473,4.5202876317102,4604945.123,1840033.183,-2764911.94,1,-0.0923512044740268,0.0826460301670347,0.0587988215077579,0,1
"387",2018,"Hungary",-0.0263173083173734,2.77151713731952,2145351.609,3541174.219,1395822.61,1,1.27235723345533,0.931795850401426,1.19393637464555,0,1
"388",2018,"Hungary",0.76432345902784,1.31946943439585,2166944.864,4557708.687,2390763.823,1,0.729429269710643,1.2508111634552,0.935905570299413,0,1
"389",2018,"Hungary",0.221284238724026,3.41546872731175,30458352.546,33803393.819,3345041.273,0,0.668413051364962,1.27074970452846,1.23814563111724,0,1
"390",2018,"Hungary",-0.0178576174000065,1.25002367469081,6377348.262,2371480.673,-4005867.589,0,-0.552012739648382,0.873706234162921,1.38403270275249,0,1
"391",2019,"Croatia",5.00394630594546,1.15568607019372,763913.495,485541.841,-278371.654,0,0.550891136701462,0.542236619005732,1.65136018364528,0,1
"392",2019,"Croatia",3.8642323415918,1.16515890683465,313127.776,269606.501,-43521.275,0,0.771242247813568,-0.238159114716443,0.839243988222514,0,1
"393",2019,"Croatia",3.82428409112014,1.58196371903567,330353.208,173586.782,-156766.426,0,1.03377237164584,-1.10408281271693,-0.491334064274938,0,1
"394",2019,"Croatia",4.23732194145123,4.52801591436556,4328925.054,2247531.149,-2081393.905,1,-0.665675041875893,1.59327009537138,1.72882013780153,0,1
"395",2019,"Croatia",3.17208366336144,1.20305025339838,804120.607,120453.512,-683667.095,1,0.769725226501915,-0.666210367980757,1.30856083571322,0,1
"396",2019,"Croatia",4.83892391641432,2.93657935868896,188665.241,461461.89,272796.649,0,1.10428485039318,-0.991412553507113,0.920616299651077,0,1
"397",2019,"Czechia",0.360282885314932,2.01408889234841,5549931.922,10242845.42,4692913.498,1,1.44389915031693,1.10942950474585,1.3321099721904,0,0
"398",2019,"Czechia",0.42977569760878,2.46166420175917,28337633.065,2469651.02,-25867982.045,0,-1.62845968228001,1.61122368052577,1.40452480840738,0,0
"399",2019,"Czechia",-0.146327954146049,3.31789522845801,4700917.268,4639264.969,-61652.2990000006,1,0.291859180893659,1.67751323373226,1.51893844968813,0,0
"400",2019,"Czechia",-0.0707365510917782,3.29843543239667,2977093.955,8990745.019,6013651.064,1,1.41255613495612,0.640911189561511,1.20014714070318,0,0
"401",2019,"Czechia",-0.535737944145887,6.25632443371993,44101048.38,63526531.285,19425482.905,0,1.35335053001168,1.23722468597331,1.30724181328561,0,0
"402",2019,"Czechia",0.219724744565424,4.84548921927298,5015050.421,4303006.082,-712044.339,1,0.872135010763377,0.26721712089616,0.894945815464076,0,0
"403",2019,"Hungary",0.615760516944525,0.849463373482683,4218213.42,5281012.382,1062798.962,1,0.984351845914582,0.863415356602019,0.988655908078279,0,1
"404",2019,"Hungary",0.675342555926439,1.06036462483011,7157897.5,1666400.946,-5491496.554,0,-1.29872952423133,1.1580522253926,0.633449916398503,0,1
"405",2019,"Hungary",0.410427897450293,3.47987064723251,2428021.833,3419215.158,991193.325,1,0.617135626869058,1.38150180369599,1.08776189635979,0,1
"406",2019,"Hungary",0.197359434158495,3.2631110277921,1957675.309,4025510.627,2067835.318,1,0.452704908948583,0.870922059802409,0.612525956310093,0,1
"407",2019,"Hungary",0.0256424306133377,3.4447204386746,29633015.787,33827808.495,4194792.708,0,1.20686543710839,1.18369532054353,1.24045275152915,0,1
"408",2019,"Hungary",0.326534916352155,4.95617940666448,4471450.876,2026859.49,-2444591.386,1,0.11272731439279,0.0300815501978321,0.226145756176714,0,1
"409",2020,"Croatia",3.93182563272433,0.680773812900664,265226.294,201493.89,-63732.404,0,1.1367144643695,-1.1773973829593,-0.196507550991348,0,1
"410",2020,"Croatia",1.94591014905531,0.321476522758647,308834.931,294304.587,-14530.344,0,1.08681732685577,-0.286364017490058,1.25678253621731,0,1
"411",2020,"Croatia",4.65396035015752,1.53174107902649,683951.178,515948.973,-168002.205,0,1.14919240805553,0.0212171767820851,1.92301418560148,0,1
"412",2020,"Croatia",4.56781439944432,4.3115674817042,3990133.514,2173258.142,-1816875.372,1,0.106711819336006,1.04386552088786,1.55863963746649,0,1
"413",2020,"Croatia",3.39002408106403,1.55065146271818,1213404.45,96676.064,-1116728.386,1,-0.215415692819649,0.303636304837847,0.764789700727009,0,1
"414",2020,"Croatia",3.00127245392961,2.91219908851951,198244.969,521256.739,323011.77,0,1.32729673801259,-0.92907718225986,1.49231437220149,0,1
"415",2020,"Czechia",-0.456080972188675,8.27786671160165,39942873.082,62861382.149,22918509.067,0,1.78267129337599,0.939860929751798,1.27652982965877,1,0
"416",2020,"Czechia",0.680375614880458,3.9283006150476,31037333.761,2604680.399,-28432653.362,0,-1.89459453242199,1.86550483056367,1.53871472496871,1,0
"417",2020,"Czechia",0.231801614057324,7.34055101524981,2941821.991,4288708.874,1346886.883,1,2.52839282977356,-0.612465134471371,0.887480453334991,1,0
"418",2020,"Czechia",0.329023412608222,1.52708737046086,2871516.888,7776496.131,4904979.243,1,0.934725411575959,0.539152966574758,0.830505239243595,1,0
"419",2020,"Czechia",1.06830693917278,2.62237762237762,4988665.009,9024330.841,4035665.832,1,1.11706692490853,0.790586990928802,0.997884399690049,1,0
"420",2020,"Czechia",0.333238604054148,3.88617406689696,4301515.762,4507676.436,206160.674,1,1.07037839949909,1.37029594675767,1.43132289150733,1,0
"421",2020,"Hungary",0.0422895995663386,3.38306348323043,27893045.486,33478028.692,5584983.206,0,2.08777173447281,1.00016775915251,1.20739951243736,0,1
"422",2020,"Hungary",0.456662886950487,2.9149110952116,9017060.378,2062772.328,-6954288.05,0,-2.03396758712708,1.83532597785554,1.05540154107277,0,1
"423",2020,"Hungary",0.514940855911097,2.28334702458242,2589051.134,1881814.097,-707237.037,1,1.22503201101785,-0.711129144315403,0.0962234647383672,0,1
"424",2020,"Hungary",0.741266428904144,1.7003648055401,1695230.354,3714617.836,2019387.482,1,0.411188919372484,0.394503123884348,0.423618107330633,0,1
"425",2020,"Hungary",0.730887508542792,1.37795797228185,4276368.023,5067926.015,791557.992,1,0.538944592674825,0.903820989986811,0.874294294498394,0,1
"426",2020,"Hungary",0.0462510176507557,1.40004063209405,2311730.165,3566932.607,1255202.442,1,1.04464911688786,1.19649096428704,1.21636097667969,0,1
"427",2021,"Czechia",-0.488262216911018,6.04171722719667,46932181.53,73620759.111,26688577.581,0,2.24604277051361,1.43968762404429,1.77332339249663,0,0
"428",2021,"Czechia",0.963793065859158,3.26993575087177,35084744.217,2997803.146,-32086941.071,0,-2.27379841143913,2.24672493653765,1.92939347213446,0,0
"429",2021,"Czechia",0.819027426448948,1.72438018112378,6065399.481,10469075.294,4403675.813,1,1.30006874794237,1.40225448426267,1.39416241740314,0,0
"430",2021,"Czechia",0.624080971094889,11.8279707238565,6998958.346,4320792.748,-2678165.598,1,-0.709464060417693,1.10900019344718,0.904233216385925,0,0
"431",2021,"Czechia",0.441125288507049,2.43967862662698,3274009.821,8713227.45,5439217.629,1,1.16497886404449,0.927087266992538,1.11566518407354,0,0
"432",2021,"Czechia",0.235652401005919,3.34657487003283,5201778.994,5368655.804,166876.81,1,0.956182127516847,2.0627731245929,2.00458855675702,0,0
"433",2021,"Hungary",-0.227250333266863,2.31070214535857,33018771.372,37602910.253,4584138.881,0,1.45357802516295,1.54081605164104,1.59718958977082,1,1
"434",2021,"Hungary",1.08343958380478,6.45969621969129,9825403.731,2475922.648,-7349481.083,0,-2.2326021572947,2.12979707688787,1.49521495010111,1,1
"435",2021,"Hungary",1.2427461902519,1.59695192712559,4379904.49,5905251.018,1525346.528,1,1.74390539294988,0.975757798283115,1.32367939492512,1,1
"436",2021,"Hungary",0.620218917548154,3.72793279451183,4269442.695,2067579.664,-2201863.031,1,0.268129054645708,-0.049460866216484,0.262620257051404,1,1
"437",2021,"Hungary",0.55206858230004,0.62645702607499,1337334.807,4423533.372,3086198.565,1,1.32536221292257,-0.255188220617025,0.854376596722179,1,1
"438",2021,"Hungary",-0.193259823193522,1.84856171628686,2942947.104,4143667.681,1200720.577,1,0.95642590507778,2.20070715399323,1.71845196597523,1,1
